locus_tag	ftype	length_bp	gene	EC_number	COG	product
JEPDNJAG_00001	CDS	675	spoIIAB	2.7.11.1		Anti-sigma F factor
JEPDNJAG_00002	CDS	369				hypothetical protein
JEPDNJAG_00003	CDS	768				hypothetical protein
JEPDNJAG_00004	CDS	744				hypothetical protein
JEPDNJAG_00005	CDS	288				hypothetical protein
JEPDNJAG_00006	CDS	1176				hypothetical protein
JEPDNJAG_00007	CDS	1050				hypothetical protein
JEPDNJAG_00008	CDS	1503	ypwA	3.4.17.19	COG2317	Carboxypeptidase 1
JEPDNJAG_00009	CDS	561				hypothetical protein
JEPDNJAG_00010	CDS	945				hypothetical protein
JEPDNJAG_00011	CDS	1497	gltX	6.1.1.17	COG0008	Glutamate--tRNA ligase
JEPDNJAG_00012	CDS	1227	dapL	2.6.1.83	COG0436	LL-diaminopimelate aminotransferase
JEPDNJAG_00013	CDS	300				hypothetical protein
JEPDNJAG_00014	CDS	591	nboR	1.1.1.328		Nicotine blue oxidoreductase
JEPDNJAG_00015	CDS	234				hypothetical protein
JEPDNJAG_00016	CDS	927	ccrM_1	2.1.1.72		DNA methyltransferase CcrM
JEPDNJAG_00017	CDS	879	prsA	5.2.1.8		Foldase protein PrsA
JEPDNJAG_00018	CDS	1365				hypothetical protein
JEPDNJAG_00019	CDS	978				hypothetical protein
JEPDNJAG_00020	CDS	666	fabV	1.3.1.9	COG3007	Enoyl-[acyl-carrier-protein] reductase [NADH] 1
JEPDNJAG_00021	CDS	534	gcvR		COG2716	Glycine cleavage system transcriptional repressor
JEPDNJAG_00022	CDS	879				hypothetical protein
JEPDNJAG_00023	CDS	1101				hypothetical protein
JEPDNJAG_00024	CDS	774				hypothetical protein
JEPDNJAG_00025	CDS	429				hypothetical protein
JEPDNJAG_00026	CDS	1017	adhT	1.1.1.1		Alcohol dehydrogenase
JEPDNJAG_00027	CDS	426				hypothetical protein
JEPDNJAG_00028	CDS	1197				hypothetical protein
JEPDNJAG_00029	CDS	354				hypothetical protein
JEPDNJAG_00030	CDS	1359	atsA_1	3.1.6.1		Arylsulfatase
JEPDNJAG_00031	CDS	264				hypothetical protein
JEPDNJAG_00032	CDS	450				hypothetical protein
JEPDNJAG_00033	CDS	177				hypothetical protein
JEPDNJAG_00034	CDS	291				hypothetical protein
JEPDNJAG_00035	CDS	729				hypothetical protein
JEPDNJAG_00036	CDS	708				hypothetical protein
JEPDNJAG_00037	CDS	381				hypothetical protein
JEPDNJAG_00038	CDS	117				hypothetical protein
JEPDNJAG_00039	CDS	684				hypothetical protein
JEPDNJAG_00040	CDS	237				hypothetical protein
JEPDNJAG_00041	CDS	1365		2.1.1.72		Type II methyltransferase M.Eco57I
JEPDNJAG_00042	CDS	774				hypothetical protein
JEPDNJAG_00043	CDS	2976	ycf3			Photosystem I assembly protein Ycf3
JEPDNJAG_00044	CDS	570				hypothetical protein
JEPDNJAG_00045	CDS	1407				hypothetical protein
JEPDNJAG_00046	CDS	1263				hypothetical protein
JEPDNJAG_00047	CDS	732	pyrF	4.1.1.23	COG0284	Orotidine 5'-phosphate decarboxylase
JEPDNJAG_00048	CDS	672				hypothetical protein
JEPDNJAG_00049	CDS	507				hypothetical protein
JEPDNJAG_00050	CDS	711			COG1459	Type IV pilus assembly protein PilC
JEPDNJAG_00051	CDS	1434				hypothetical protein
JEPDNJAG_00052	CDS	981	gatB	6.3.5.-	COG0064	Aspartyl/glutamyl-tRNA(Asn/Gln) amidotransferase subunit B
JEPDNJAG_00053	CDS	309				hypothetical protein
JEPDNJAG_00054	CDS	1059	bepA_1	3.4.-.-		Beta-barrel assembly-enhancing protease
JEPDNJAG_00055	CDS	1185				hypothetical protein
JEPDNJAG_00056	CDS	258				hypothetical protein
JEPDNJAG_00057	CDS	1173				hypothetical protein
JEPDNJAG_00058	CDS	684				hypothetical protein
JEPDNJAG_00059	CDS	489				hypothetical protein
JEPDNJAG_00060	CDS	1497	rcsC_1	2.7.13.3		Sensor histidine kinase RcsC
JEPDNJAG_00061	CDS	534				hypothetical protein
JEPDNJAG_00062	CDS	486	purE_1	5.4.99.18	COG0041	N5-carboxyaminoimidazole ribonucleotide mutase
JEPDNJAG_00063	CDS	1182	icd	1.1.1.42	COG0473	Isocitrate dehydrogenase [NADP]
JEPDNJAG_00064	CDS	786	rsmI	2.1.1.198	COG0313	Ribosomal RNA small subunit methyltransferase I
JEPDNJAG_00065	CDS	708	ideR		COG1321	Iron-dependent repressor IdeR
JEPDNJAG_00066	CDS	363	rsbV		COG1366	Anti-sigma-B factor antagonist
JEPDNJAG_00067	CDS	291	xseB	3.1.11.6		Exodeoxyribonuclease 7 small subunit
JEPDNJAG_00068	CDS	390	xseA	3.1.11.6		Exodeoxyribonuclease 7 large subunit
JEPDNJAG_00069	CDS	276				hypothetical protein
JEPDNJAG_00070	CDS	1203	metE_1	2.1.1.14		5-methyltetrahydropteroyltriglutamate--homocysteine methyltransferase
JEPDNJAG_00071	CDS	1899	rcsC_2	2.7.13.3		Sensor histidine kinase RcsC
JEPDNJAG_00072	CDS	321	cheB2_1	3.1.1.61		Protein-glutamate methylesterase/protein-glutamine glutaminase 2
JEPDNJAG_00073	CDS	1404				hypothetical protein
JEPDNJAG_00074	CDS	912				hypothetical protein
JEPDNJAG_00075	CDS	297				hypothetical protein
JEPDNJAG_00076	CDS	321	pyrC	3.5.2.3	COG0044	Dihydroorotase
JEPDNJAG_00077	CDS	1092	carA	6.3.5.5		Carbamoyl phosphate synthase small chain
JEPDNJAG_00078	CDS	318				hypothetical protein
JEPDNJAG_00079	CDS	1599				hypothetical protein
JEPDNJAG_00080	CDS	978				hypothetical protein
JEPDNJAG_00081	CDS	855				hypothetical protein
JEPDNJAG_00082	CDS	198				hypothetical protein
JEPDNJAG_00083	CDS	486				hypothetical protein
JEPDNJAG_00084	CDS	813	cya	4.6.1.1	COG2114	Adenylate cyclase
JEPDNJAG_00085	CDS	450				hypothetical protein
JEPDNJAG_00086	CDS	159				hypothetical protein
JEPDNJAG_00087	CDS	345				hypothetical protein
JEPDNJAG_00088	CDS	330				hypothetical protein
JEPDNJAG_00089	CDS	294				hypothetical protein
JEPDNJAG_00090	CDS	423				hypothetical protein
JEPDNJAG_00091	CDS	759	kynB_1	3.5.1.9		Kynurenine formamidase
JEPDNJAG_00092	CDS	915				hypothetical protein
JEPDNJAG_00093	CDS	732	apaH_1	3.6.1.41		Bis(5'-nucleosyl)-tetraphosphatase, symmetrical
JEPDNJAG_00094	CDS	1818	btuD_1	7.6.2.8		Vitamin B12 import ATP-binding protein BtuD
JEPDNJAG_00095	CDS	504				hypothetical protein
JEPDNJAG_00096	CDS	369				hypothetical protein
JEPDNJAG_00097	CDS	243				hypothetical protein
JEPDNJAG_00098	CDS	264				hypothetical protein
JEPDNJAG_00099	CDS	300				hypothetical protein
JEPDNJAG_00100	CDS	168				hypothetical protein
JEPDNJAG_00101	CDS	600				hypothetical protein
JEPDNJAG_00102	CDS	459				hypothetical protein
JEPDNJAG_00103	CDS	669	degU_1		COG2197	Transcriptional regulatory protein DegU
JEPDNJAG_00104	CDS	237				hypothetical protein
JEPDNJAG_00105	CDS	2001	dpp5	3.4.14.-	COG0823	Dipeptidyl-peptidase 5
JEPDNJAG_00106	CDS	840				hypothetical protein
JEPDNJAG_00107	CDS	1146	axe1-6A		COG2382	Carbohydrate acetyl esterase/feruloyl esterase
JEPDNJAG_00108	CDS	285	ppiB	5.2.1.8	COG0652	putative peptidyl-prolyl cis-trans isomerase
JEPDNJAG_00109	CDS	1041				hypothetical protein
JEPDNJAG_00110	CDS	222				hypothetical protein
JEPDNJAG_00111	CDS	276				hypothetical protein
JEPDNJAG_00112	CDS	312				hypothetical protein
JEPDNJAG_00113	CDS	339				hypothetical protein
JEPDNJAG_00114	CDS	705				hypothetical protein
JEPDNJAG_00115	CDS	435				hypothetical protein
JEPDNJAG_00116	CDS	348				hypothetical protein
JEPDNJAG_00117	CDS	915				hypothetical protein
JEPDNJAG_00118	CDS	2832	lapB_1			Lipopolysaccharide assembly protein B
JEPDNJAG_00119	CDS	1053				hypothetical protein
JEPDNJAG_00120	CDS	951	ubiE_1	2.1.1.163		Ubiquinone/menaquinone biosynthesis C-methyltransferase UbiE
JEPDNJAG_00121	CDS	948	ahcY	3.13.2.1	COG0499	Adenosylhomocysteinase
JEPDNJAG_00122	CDS	696				hypothetical protein
JEPDNJAG_00123	CDS	273				hypothetical protein
JEPDNJAG_00124	CDS	582				hypothetical protein
JEPDNJAG_00125	CDS	1209				hypothetical protein
JEPDNJAG_00126	CDS	765				hypothetical protein
JEPDNJAG_00127	CDS	501				hypothetical protein
JEPDNJAG_00128	CDS	1083				hypothetical protein
JEPDNJAG_00129	CDS	291				hypothetical protein
JEPDNJAG_00130	CDS	3021				hypothetical protein
JEPDNJAG_00131	CDS	378				hypothetical protein
JEPDNJAG_00132	CDS	222				hypothetical protein
JEPDNJAG_00133	CDS	981				hypothetical protein
JEPDNJAG_00134	CDS	198	gabD	1.2.1.79	COG1012	Succinate-semialdehyde dehydrogenase [NADP(+)]
JEPDNJAG_00135	CDS	1143				hypothetical protein
JEPDNJAG_00136	CDS	228				hypothetical protein
JEPDNJAG_00137	CDS	846	pckA_1	4.1.1.49	COG1866	Phosphoenolpyruvate carboxykinase (ATP)
JEPDNJAG_00138	CDS	900				hypothetical protein
JEPDNJAG_00139	CDS	1167	mdtG			Multidrug resistance protein MdtG
JEPDNJAG_00140	CDS	723	ddpX_1	3.4.13.22		D-alanyl-D-alanine dipeptidase
JEPDNJAG_00141	CDS	405				hypothetical protein
JEPDNJAG_00142	CDS	1179				hypothetical protein
JEPDNJAG_00143	CDS	204				hypothetical protein
JEPDNJAG_00144	CDS	318				hypothetical protein
JEPDNJAG_00145	CDS	618				hypothetical protein
JEPDNJAG_00146	CDS	291				hypothetical protein
JEPDNJAG_00147	CDS	183				hypothetical protein
JEPDNJAG_00148	CDS	1302				hypothetical protein
JEPDNJAG_00149	CDS	891	lacF_1			Lactose transport system permease protein LacF
JEPDNJAG_00150	CDS	1005	qorA	1.6.5.5	COG0604	Quinone oxidoreductase 1
JEPDNJAG_00151	CDS	828				hypothetical protein
JEPDNJAG_00152	CDS	1170				hypothetical protein
JEPDNJAG_00153	CDS	282				hypothetical protein
JEPDNJAG_00154	CDS	120				hypothetical protein
JEPDNJAG_00155	CDS	1506	crtN	1.3.8.2		4,4'-diapophytoene desaturase (4,4'-diapolycopene-forming)
JEPDNJAG_00156	CDS	930	gsiC		COG0601	Glutathione transport system permease protein GsiC
JEPDNJAG_00157	CDS	660	aat	2.3.2.6	COG2360	Leucyl/phenylalanyl-tRNA--protein transferase
JEPDNJAG_00158	CDS	1170	dapE_1	3.5.1.18		putative succinyl-diaminopimelate desuccinylase
JEPDNJAG_00159	CDS	597	sigM		COG1595	ECF RNA polymerase sigma factor SigM
JEPDNJAG_00160	CDS	846				hypothetical protein
JEPDNJAG_00161	CDS	1080				hypothetical protein
JEPDNJAG_00162	CDS	918				hypothetical protein
JEPDNJAG_00163	CDS	144				hypothetical protein
JEPDNJAG_00164	CDS	765	carC	3.7.1.13		2-hydroxy-6-oxo-6-(2'-aminophenyl)hexa-2,4-dienoic acid hydrolase
JEPDNJAG_00165	CDS	768	bacC_1	1.1.1.385	COG1028	Dihydroanticapsin 7-dehydrogenase
JEPDNJAG_00166	CDS	402				hypothetical protein
JEPDNJAG_00167	CDS	693				hypothetical protein
JEPDNJAG_00168	CDS	393				hypothetical protein
JEPDNJAG_00169	CDS	699				hypothetical protein
JEPDNJAG_00170	CDS	1407				hypothetical protein
JEPDNJAG_00171	CDS	2925				hypothetical protein
JEPDNJAG_00172	CDS	288				hypothetical protein
JEPDNJAG_00173	CDS	759				hypothetical protein
JEPDNJAG_00174	CDS	171				hypothetical protein
JEPDNJAG_00175	CDS	447				hypothetical protein
JEPDNJAG_00176	CDS	324				hypothetical protein
JEPDNJAG_00177	CDS	1446				hypothetical protein
JEPDNJAG_00178	CDS	381				hypothetical protein
JEPDNJAG_00179	CDS	1053				hypothetical protein
JEPDNJAG_00180	CDS	162				hypothetical protein
JEPDNJAG_00181	CDS	486				hypothetical protein
JEPDNJAG_00182	CDS	1125	fucI	5.3.1.25	COG2407	L-fucose isomerase
JEPDNJAG_00183	CDS	2181				hypothetical protein
JEPDNJAG_00184	CDS	378				hypothetical protein
JEPDNJAG_00185	CDS	1260				hypothetical protein
JEPDNJAG_00186	CDS	1077	purR		COG1609	HTH-type transcriptional repressor PurR
JEPDNJAG_00187	CDS	996				hypothetical protein
JEPDNJAG_00188	CDS	294				hypothetical protein
JEPDNJAG_00189	tRNA	94				tRNA-Ser(aga)
JEPDNJAG_00190	tRNA	75				tRNA-Asp(gtc)
JEPDNJAG_00191	tRNA	73				tRNA-Asn(gtt)
JEPDNJAG_00192	CDS	1353				hypothetical protein
JEPDNJAG_00193	CDS	444				hypothetical protein
JEPDNJAG_00194	CDS	837				hypothetical protein
JEPDNJAG_00195	CDS	597	ubiE_2	2.1.1.163		Ubiquinone/menaquinone biosynthesis C-methyltransferase UbiE
JEPDNJAG_00196	CDS	156				hypothetical protein
JEPDNJAG_00197	CDS	1482	rcsC_3	2.7.13.3		Sensor histidine kinase RcsC
JEPDNJAG_00198	CDS	405	divK_1			Polar-differentiation response regulator DivK
JEPDNJAG_00199	CDS	591	rssB_1			Regulator of RpoS
JEPDNJAG_00200	CDS	1104	dan_1	3.5.1.81	COG3653	D-aminoacylase
JEPDNJAG_00201	CDS	615	queE	4.3.99.3	COG0602	7-carboxy-7-deazaguanine synthase
JEPDNJAG_00202	CDS	186				hypothetical protein
JEPDNJAG_00203	CDS	849				hypothetical protein
JEPDNJAG_00204	CDS	117				hypothetical protein
JEPDNJAG_00205	CDS	315				hypothetical protein
JEPDNJAG_00206	CDS	795				hypothetical protein
JEPDNJAG_00207	CDS	960				hypothetical protein
JEPDNJAG_00208	CDS	189	ispF	4.6.1.12		2-C-methyl-D-erythritol 2,4-cyclodiphosphate synthase
JEPDNJAG_00209	CDS	597				hypothetical protein
JEPDNJAG_00210	CDS	1917		6.2.1.3	COG1022	Long-chain-fatty-acid--CoA ligase FadD15
JEPDNJAG_00211	CDS	1089				hypothetical protein
JEPDNJAG_00212	CDS	414	hsaD	3.7.1.17	COG2267	4,5:9,10-diseco-3-hydroxy-5,9,17-trioxoandrosta-1(10),2-diene-4-oate hydrolase
JEPDNJAG_00213	CDS	519	tolB_1			Tol-Pal system protein TolB
JEPDNJAG_00214	CDS	285				hypothetical protein
JEPDNJAG_00215	CDS	1533				hypothetical protein
JEPDNJAG_00216	CDS	768				hypothetical protein
JEPDNJAG_00217	CDS	1455		3.1.6.-	COG3119	Ulvan-active sulfatase
JEPDNJAG_00218	CDS	447				hypothetical protein
JEPDNJAG_00219	CDS	381				hypothetical protein
JEPDNJAG_00220	CDS	225				hypothetical protein
JEPDNJAG_00221	CDS	1059				hypothetical protein
JEPDNJAG_00222	CDS	402				hypothetical protein
JEPDNJAG_00223	CDS	399				hypothetical protein
JEPDNJAG_00224	CDS	777				hypothetical protein
JEPDNJAG_00225	CDS	813	dppA	3.4.11.-	COG2362	D-aminopeptidase
JEPDNJAG_00226	CDS	264				hypothetical protein
JEPDNJAG_00227	CDS	183				hypothetical protein
JEPDNJAG_00228	CDS	519				hypothetical protein
JEPDNJAG_00229	CDS	441				hypothetical protein
JEPDNJAG_00230	CDS	1341				hypothetical protein
JEPDNJAG_00231	CDS	1473				hypothetical protein
JEPDNJAG_00232	CDS	360				hypothetical protein
JEPDNJAG_00233	CDS	384				hypothetical protein
JEPDNJAG_00234	CDS	930	cysM	2.5.1.47	COG0031	Cysteine synthase B
JEPDNJAG_00235	CDS	327				hypothetical protein
JEPDNJAG_00236	CDS	273				hypothetical protein
JEPDNJAG_00237	CDS	1437				hypothetical protein
JEPDNJAG_00238	CDS	285				hypothetical protein
JEPDNJAG_00239	CDS	504				hypothetical protein
JEPDNJAG_00240	CDS	2100				hypothetical protein
JEPDNJAG_00241	CDS	1464				hypothetical protein
JEPDNJAG_00242	CDS	1986	addA	5.6.2.4		ATP-dependent helicase/nuclease subunit A
JEPDNJAG_00243	CDS	888				hypothetical protein
JEPDNJAG_00244	CDS	1056	hcxB	1.1.1.-	COG2055	Hydroxycarboxylate dehydrogenase B
JEPDNJAG_00245	CDS	771	arnB	2.6.1.87		UDP-4-amino-4-deoxy-L-arabinose--oxoglutarate aminotransferase
JEPDNJAG_00246	CDS	1494				hypothetical protein
JEPDNJAG_00247	CDS	825				hypothetical protein
JEPDNJAG_00248	CDS	657		1.11.1.24	COG0450	Peroxiredoxin
JEPDNJAG_00249	CDS	1803				hypothetical protein
JEPDNJAG_00250	CDS	645	purN	2.1.2.2	COG0299	Phosphoribosylglycinamide formyltransferase
JEPDNJAG_00251	CDS	1464	purF	2.4.2.14	COG0034	Amidophosphoribosyltransferase
JEPDNJAG_00252	CDS	2259	purL	6.3.5.3	COG0046	Phosphoribosylformylglycinamidine synthase subunit PurL
JEPDNJAG_00253	CDS	420				hypothetical protein
JEPDNJAG_00254	CDS	267				hypothetical protein
JEPDNJAG_00255	CDS	759	purQ	6.3.5.3	COG0047	Phosphoribosylformylglycinamidine synthase subunit PurQ
JEPDNJAG_00256	CDS	288				hypothetical protein
JEPDNJAG_00257	CDS	1020				hypothetical protein
JEPDNJAG_00258	CDS	1092				hypothetical protein
JEPDNJAG_00259	CDS	417				hypothetical protein
JEPDNJAG_00260	CDS	396				hypothetical protein
JEPDNJAG_00261	CDS	252				hypothetical protein
JEPDNJAG_00262	CDS	651				hypothetical protein
JEPDNJAG_00263	CDS	2040				hypothetical protein
JEPDNJAG_00264	CDS	897				hypothetical protein
JEPDNJAG_00265	CDS	390				hypothetical protein
JEPDNJAG_00266	CDS	150				hypothetical protein
JEPDNJAG_00267	CDS	1131				hypothetical protein
JEPDNJAG_00268	CDS	1290	tolB_2			Tol-Pal system protein TolB
JEPDNJAG_00269	CDS	798				hypothetical protein
JEPDNJAG_00270	CDS	480	ylaC		COG1595	RNA polymerase sigma factor YlaC
JEPDNJAG_00271	CDS	819				hypothetical protein
JEPDNJAG_00272	CDS	282				hypothetical protein
JEPDNJAG_00273	CDS	177				hypothetical protein
JEPDNJAG_00274	CDS	1914				hypothetical protein
JEPDNJAG_00275	CDS	273				hypothetical protein
JEPDNJAG_00276	CDS	369				hypothetical protein
JEPDNJAG_00277	CDS	147				hypothetical protein
JEPDNJAG_00278	CDS	426				hypothetical protein
JEPDNJAG_00279	CDS	1188	namZ	3.2.1.92	COG3876	Peptidoglycan beta-N-acetylmuramidase NamZ
JEPDNJAG_00280	CDS	966	murK	2.7.1.-	COG2971	N-acetylmuramic acid/N-acetylglucosamine kinase
JEPDNJAG_00281	CDS	513				hypothetical protein
JEPDNJAG_00282	CDS	819				hypothetical protein
JEPDNJAG_00283	CDS	792				hypothetical protein
JEPDNJAG_00284	CDS	1824				hypothetical protein
JEPDNJAG_00285	CDS	783				hypothetical protein
JEPDNJAG_00286	CDS	249				hypothetical protein
JEPDNJAG_00287	CDS	666			COG2256	putative AAA domain-containing protein
JEPDNJAG_00288	CDS	936				hypothetical protein
JEPDNJAG_00289	CDS	159				hypothetical protein
JEPDNJAG_00290	CDS	123				hypothetical protein
JEPDNJAG_00291	CDS	1257				hypothetical protein
JEPDNJAG_00292	CDS	1260				hypothetical protein
JEPDNJAG_00293	CDS	795				hypothetical protein
JEPDNJAG_00294	CDS	1728				hypothetical protein
JEPDNJAG_00295	CDS	1929	quiA	1.1.5.8	COG4993	Quinate/shikimate dehydrogenase (quinone)
JEPDNJAG_00296	CDS	387				hypothetical protein
JEPDNJAG_00297	CDS	990				hypothetical protein
JEPDNJAG_00298	CDS	1464				hypothetical protein
JEPDNJAG_00299	CDS	258				hypothetical protein
JEPDNJAG_00300	CDS	408				hypothetical protein
JEPDNJAG_00301	CDS	204				hypothetical protein
JEPDNJAG_00302	CDS	678				hypothetical protein
JEPDNJAG_00303	CDS	789				hypothetical protein
JEPDNJAG_00304	CDS	333				hypothetical protein
JEPDNJAG_00305	CDS	210				hypothetical protein
JEPDNJAG_00306	CDS	708				hypothetical protein
JEPDNJAG_00307	CDS	1620				hypothetical protein
JEPDNJAG_00308	CDS	507				hypothetical protein
JEPDNJAG_00309	CDS	942				hypothetical protein
JEPDNJAG_00310	CDS	276				hypothetical protein
JEPDNJAG_00311	CDS	375				hypothetical protein
JEPDNJAG_00312	CDS	1026				hypothetical protein
JEPDNJAG_00313	CDS	243				hypothetical protein
JEPDNJAG_00314	CDS	1287	aao(So)	1.-.-.-		Aminoacetone oxidase
JEPDNJAG_00315	CDS	1473	iolG_1	1.1.1.369		Inositol 2-dehydrogenase/D-chiro-inositol 3-dehydrogenase
JEPDNJAG_00316	CDS	1353				hypothetical protein
JEPDNJAG_00317	CDS	384				hypothetical protein
JEPDNJAG_00318	CDS	1029	fusA		COG0480	Elongation factor G
JEPDNJAG_00319	CDS	147				hypothetical protein
JEPDNJAG_00320	CDS	1149				hypothetical protein
JEPDNJAG_00321	CDS	570				hypothetical protein
JEPDNJAG_00322	CDS	183				hypothetical protein
JEPDNJAG_00323	CDS	549				hypothetical protein
JEPDNJAG_00324	CDS	453				hypothetical protein
JEPDNJAG_00325	CDS	270				hypothetical protein
JEPDNJAG_00326	CDS	2172	sldA_1	1.1.99.22		Glycerol dehydrogenase large subunit
JEPDNJAG_00327	CDS	396				hypothetical protein
JEPDNJAG_00328	CDS	291				hypothetical protein
JEPDNJAG_00329	CDS	660				hypothetical protein
JEPDNJAG_00330	CDS	1020	tdh	1.1.1.103		L-threonine 3-dehydrogenase
JEPDNJAG_00331	CDS	876	dapA_1	4.3.3.7		4-hydroxy-tetrahydrodipicolinate synthase
JEPDNJAG_00332	CDS	684				hypothetical protein
JEPDNJAG_00333	CDS	627				hypothetical protein
JEPDNJAG_00334	CDS	696	fadN	1.1.1.35	COG1024	putative 3-hydroxyacyl-CoA dehydrogenase
JEPDNJAG_00335	CDS	351				hypothetical protein
JEPDNJAG_00336	CDS	252				hypothetical protein
JEPDNJAG_00337	CDS	447				hypothetical protein
JEPDNJAG_00338	CDS	330				hypothetical protein
JEPDNJAG_00339	CDS	816				hypothetical protein
JEPDNJAG_00340	CDS	312				hypothetical protein
JEPDNJAG_00341	CDS	1152				hypothetical protein
JEPDNJAG_00342	CDS	387				hypothetical protein
JEPDNJAG_00343	CDS	720	lacD	4.1.2.40	COG3684	Tagatose 1,6-diphosphate aldolase
JEPDNJAG_00344	CDS	552				hypothetical protein
JEPDNJAG_00345	CDS	858	cysH	1.8.4.8		Adenosine 5'-phosphosulfate reductase
JEPDNJAG_00346	CDS	96				hypothetical protein
JEPDNJAG_00347	CDS	309				hypothetical protein
JEPDNJAG_00348	CDS	900	ispH_1	1.17.7.4	COG0761	4-hydroxy-3-methylbut-2-enyl diphosphate reductase
JEPDNJAG_00349	CDS	99				hypothetical protein
JEPDNJAG_00350	CDS	144				hypothetical protein
JEPDNJAG_00351	CDS	765				hypothetical protein
JEPDNJAG_00352	CDS	948	cysL		COG0583	HTH-type transcriptional regulator CysL
JEPDNJAG_00353	CDS	894				hypothetical protein
JEPDNJAG_00354	CDS	675	alaS	6.1.1.7	COG0013	Alanine--tRNA ligase
JEPDNJAG_00355	CDS	1056				hypothetical protein
JEPDNJAG_00356	CDS	357	rtcB	6.5.1.8	COG1690	RNA-splicing ligase RtcB
JEPDNJAG_00357	CDS	1197	ybhS_1		COG0842	putative multidrug ABC transporter permease YbhS
JEPDNJAG_00358	CDS	915	ybhF_1		COG1131	putative multidrug ABC transporter ATP-binding protein YbhF
JEPDNJAG_00359	CDS	573				hypothetical protein
JEPDNJAG_00360	CDS	354		3.1.6.-	COG3119	Ulvan-active sulfatase
JEPDNJAG_00361	CDS	1083	gci_1	5.5.1.27	COG4948	D-galactarolactone cycloisomerase
JEPDNJAG_00362	CDS	342				hypothetical protein
JEPDNJAG_00363	CDS	453				hypothetical protein
JEPDNJAG_00364	CDS	549				hypothetical protein
JEPDNJAG_00365	CDS	603				hypothetical protein
JEPDNJAG_00366	CDS	963				hypothetical protein
JEPDNJAG_00367	CDS	543				hypothetical protein
JEPDNJAG_00368	CDS	474				hypothetical protein
JEPDNJAG_00369	CDS	327				hypothetical protein
JEPDNJAG_00370	CDS	894				hypothetical protein
JEPDNJAG_00371	CDS	447				hypothetical protein
JEPDNJAG_00372	CDS	1059				hypothetical protein
JEPDNJAG_00373	CDS	999				hypothetical protein
JEPDNJAG_00374	CDS	228				hypothetical protein
JEPDNJAG_00375	CDS	657	dapF_1	5.1.1.7	COG0253	Diaminopimelate epimerase
JEPDNJAG_00376	CDS	660				hypothetical protein
JEPDNJAG_00377	CDS	1002	vgb_1	4.2.99.-		Virginiamycin B lyase
JEPDNJAG_00378	CDS	318				hypothetical protein
JEPDNJAG_00379	CDS	1458				hypothetical protein
JEPDNJAG_00380	CDS	774	sigG_1		COG1191	RNA polymerase sigma-G factor
JEPDNJAG_00381	CDS	333				hypothetical protein
JEPDNJAG_00382	CDS	144				hypothetical protein
JEPDNJAG_00383	CDS	957				hypothetical protein
JEPDNJAG_00384	CDS	960	acoA_1	1.1.1.-	COG1071	Acetoin:2,6-dichlorophenolindophenol oxidoreductase subunit alpha
JEPDNJAG_00385	CDS	1110	acoB	1.1.1.-	COG0022	Acetoin:2,6-dichlorophenolindophenol oxidoreductase subunit beta
JEPDNJAG_00386	CDS	348				hypothetical protein
JEPDNJAG_00387	CDS	168				hypothetical protein
JEPDNJAG_00388	CDS	1281	aroA	2.5.1.19	COG0128	3-phosphoshikimate 1-carboxyvinyltransferase
JEPDNJAG_00389	CDS	489				hypothetical protein
JEPDNJAG_00390	CDS	633				hypothetical protein
JEPDNJAG_00391	CDS	558				hypothetical protein
JEPDNJAG_00392	CDS	186				hypothetical protein
JEPDNJAG_00393	CDS	966	fieF_1		COG0053	Cation-efflux pump FieF
JEPDNJAG_00394	CDS	1035				hypothetical protein
JEPDNJAG_00395	CDS	201				hypothetical protein
JEPDNJAG_00396	CDS	312				hypothetical protein
JEPDNJAG_00397	CDS	273				hypothetical protein
JEPDNJAG_00398	CDS	123				hypothetical protein
JEPDNJAG_00399	CDS	1110				hypothetical protein
JEPDNJAG_00400	CDS	378	phoP_1		COG0745	Alkaline phosphatase synthesis transcriptional regulatory protein PhoP
JEPDNJAG_00401	CDS	534				hypothetical protein
JEPDNJAG_00402	CDS	426				hypothetical protein
JEPDNJAG_00403	CDS	1173				hypothetical protein
JEPDNJAG_00404	CDS	753	bshB1	3.5.1.-		N-acetyl-alpha-D-glucosaminyl L-malate deacetylase 1
JEPDNJAG_00405	CDS	543				hypothetical protein
JEPDNJAG_00406	CDS	351				hypothetical protein
JEPDNJAG_00407	CDS	753		2.7.7.103	COG1213	CTP:phosphoglutamine cytidylyltransferase
JEPDNJAG_00408	CDS	483				hypothetical protein
JEPDNJAG_00409	CDS	810				hypothetical protein
JEPDNJAG_00410	CDS	789				hypothetical protein
JEPDNJAG_00411	CDS	663				hypothetical protein
JEPDNJAG_00412	CDS	282				hypothetical protein
JEPDNJAG_00413	CDS	1647				hypothetical protein
JEPDNJAG_00414	CDS	93				hypothetical protein
JEPDNJAG_00415	CDS	519				hypothetical protein
JEPDNJAG_00416	CDS	1953	ftsH_1	3.4.24.-	COG0465	ATP-dependent zinc metalloprotease FtsH
JEPDNJAG_00417	CDS	288	lexA	3.4.21.88	COG1974	LexA repressor
JEPDNJAG_00418	CDS	2346	cugP	2.7.7.9		UTP--glucose-1-phosphate uridylyltransferase
JEPDNJAG_00419	CDS	132				hypothetical protein
JEPDNJAG_00420	CDS	357	rnpA	3.1.26.5		Ribonuclease P protein component
JEPDNJAG_00421	CDS	135	rpmH		COG0230	Large ribosomal subunit protein bL34
JEPDNJAG_00422	CDS	198				hypothetical protein
JEPDNJAG_00423	CDS	177				hypothetical protein
JEPDNJAG_00424	CDS	321				hypothetical protein
JEPDNJAG_00425	CDS	939		3.4.24.-	COG0612	putative zinc protease
JEPDNJAG_00426	CDS	702	pgoX	1.3.3.4		Protoporphyrinogen oxidase
JEPDNJAG_00427	CDS	1443				hypothetical protein
JEPDNJAG_00428	CDS	573				hypothetical protein
JEPDNJAG_00429	CDS	867				hypothetical protein
JEPDNJAG_00430	CDS	222				hypothetical protein
JEPDNJAG_00431	CDS	891	oleB	4.1.1.114	COG0596	Cis-3-alkyl-4-alkyloxetan-2-one decarboxylase
JEPDNJAG_00432	CDS	789				hypothetical protein
JEPDNJAG_00433	CDS	129				hypothetical protein
JEPDNJAG_00434	CDS	1317			COG2211	Folate-biopterin transporter
JEPDNJAG_00435	CDS	204				hypothetical protein
JEPDNJAG_00436	CDS	651				hypothetical protein
JEPDNJAG_00437	CDS	246				hypothetical protein
JEPDNJAG_00438	CDS	588	hisB	4.2.1.19	COG0131	Imidazoleglycerol-phosphate dehydratase
JEPDNJAG_00439	CDS	492		2.1.1.6	COG4122	Catechol O-methyltransferase
JEPDNJAG_00440	CDS	768				hypothetical protein
JEPDNJAG_00441	CDS	1386	ttuB			Putative tartrate transporter
JEPDNJAG_00442	CDS	297				hypothetical protein
JEPDNJAG_00443	CDS	1920		3.6.5.5	COG0699	Bacterial dynamin-like protein
JEPDNJAG_00444	CDS	252				hypothetical protein
JEPDNJAG_00445	CDS	837	yabE		COG3583	Putative cell wall shaping protein YabE
JEPDNJAG_00446	CDS	714				hypothetical protein
JEPDNJAG_00447	CDS	450				hypothetical protein
JEPDNJAG_00448	CDS	1050	apsD_1	1.1.1.420		D-apiose dehydrogenase
JEPDNJAG_00449	CDS	288				hypothetical protein
JEPDNJAG_00450	CDS	732				hypothetical protein
JEPDNJAG_00451	CDS	240				hypothetical protein
JEPDNJAG_00452	CDS	1239				hypothetical protein
JEPDNJAG_00453	CDS	816				hypothetical protein
JEPDNJAG_00454	CDS	363				hypothetical protein
JEPDNJAG_00455	CDS	294				hypothetical protein
JEPDNJAG_00456	CDS	1923				hypothetical protein
JEPDNJAG_00457	CDS	273				hypothetical protein
JEPDNJAG_00458	CDS	471	cheB_1	3.5.1.44		Protein-glutamate methylesterase/protein-glutamine glutaminase
JEPDNJAG_00459	CDS	753				hypothetical protein
JEPDNJAG_00460	CDS	399				hypothetical protein
JEPDNJAG_00461	CDS	93				hypothetical protein
JEPDNJAG_00462	CDS	543	lnrL_1	7.6.2.-	COG1131	Linearmycin resistance ATP-binding protein LnrL
JEPDNJAG_00463	CDS	1674				hypothetical protein
JEPDNJAG_00464	CDS	519	spsB_1	3.4.21.89		Signal peptidase IB
JEPDNJAG_00465	CDS	198				hypothetical protein
JEPDNJAG_00466	CDS	963	ybhF_2		COG1131	putative multidrug ABC transporter ATP-binding protein YbhF
JEPDNJAG_00467	CDS	657				hypothetical protein
JEPDNJAG_00468	CDS	1002				hypothetical protein
JEPDNJAG_00469	CDS	399	fosB	2.5.1.-		Metallothiol transferase FosB
JEPDNJAG_00470	CDS	432				hypothetical protein
JEPDNJAG_00471	CDS	207				hypothetical protein
JEPDNJAG_00472	CDS	540	rcsC_4	2.7.13.3		Sensor histidine kinase RcsC
JEPDNJAG_00473	CDS	1320	iolG_2	1.1.1.369		Inositol 2-dehydrogenase/D-chiro-inositol 3-dehydrogenase
JEPDNJAG_00474	CDS	1941	gcd	1.1.5.2	COG4993	Quinoprotein glucose dehydrogenase
JEPDNJAG_00475	CDS	960				hypothetical protein
JEPDNJAG_00476	CDS	1059				hypothetical protein
JEPDNJAG_00477	CDS	351	iscU		COG0822	Iron-sulfur cluster assembly scaffold protein IscU
JEPDNJAG_00478	CDS	1128				hypothetical protein
JEPDNJAG_00479	CDS	594	cocE_1	3.1.1.84		Cocaine esterase
JEPDNJAG_00480	CDS	1056				hypothetical protein
JEPDNJAG_00481	CDS	1107				hypothetical protein
JEPDNJAG_00482	CDS	168				hypothetical protein
JEPDNJAG_00483	CDS	1371				hypothetical protein
JEPDNJAG_00484	CDS	3528	mdtB			Multidrug resistance protein MdtB
JEPDNJAG_00485	CDS	312				hypothetical protein
JEPDNJAG_00486	CDS	636				hypothetical protein
JEPDNJAG_00487	CDS	396				hypothetical protein
JEPDNJAG_00488	CDS	1707				hypothetical protein
JEPDNJAG_00489	CDS	2172				hypothetical protein
JEPDNJAG_00490	CDS	681				hypothetical protein
JEPDNJAG_00491	CDS	408				hypothetical protein
JEPDNJAG_00492	tRNA	76				tRNA-Glu(ctc)
JEPDNJAG_00493	CDS	1326	ftsH_2	3.4.24.-		ATP-dependent zinc metalloprotease FtsH
JEPDNJAG_00494	CDS	369				hypothetical protein
JEPDNJAG_00495	CDS	1716				hypothetical protein
JEPDNJAG_00496	CDS	207				hypothetical protein
JEPDNJAG_00497	CDS	519	dapF_2	5.1.1.7	COG0253	Diaminopimelate epimerase
JEPDNJAG_00498	CDS	237				hypothetical protein
JEPDNJAG_00499	CDS	375	hisI	3.5.4.19	COG0139	Phosphoribosyl-AMP cyclohydrolase
JEPDNJAG_00500	CDS	759	hisF_1	4.3.2.10	COG0107	Imidazole glycerol phosphate synthase subunit HisF
JEPDNJAG_00501	CDS	1458				hypothetical protein
JEPDNJAG_00502	CDS	705				hypothetical protein
JEPDNJAG_00503	CDS	627	argD	2.6.1.11	COG4992	Acetylornithine aminotransferase
JEPDNJAG_00504	CDS	96				hypothetical protein
JEPDNJAG_00505	CDS	1080				hypothetical protein
JEPDNJAG_00506	CDS	114				hypothetical protein
JEPDNJAG_00507	CDS	243				hypothetical protein
JEPDNJAG_00508	CDS	984				hypothetical protein
JEPDNJAG_00509	CDS	1368				hypothetical protein
JEPDNJAG_00510	CDS	1983				hypothetical protein
JEPDNJAG_00511	CDS	1587				hypothetical protein
JEPDNJAG_00512	CDS	288				hypothetical protein
JEPDNJAG_00513	CDS	204				hypothetical protein
JEPDNJAG_00514	CDS	1380				hypothetical protein
JEPDNJAG_00515	CDS	585	moxR1_1		COG0714	Chaperone MoxR1
JEPDNJAG_00516	CDS	843	fucO	1.1.1.77	COG1454	Lactaldehyde reductase
JEPDNJAG_00517	CDS	189	ywhB	5.3.2.6	COG1942	2-hydroxymuconate tautomerase
JEPDNJAG_00518	CDS	270				hypothetical protein
JEPDNJAG_00519	CDS	609				hypothetical protein
JEPDNJAG_00520	CDS	246				hypothetical protein
JEPDNJAG_00521	CDS	186				hypothetical protein
JEPDNJAG_00522	CDS	177				hypothetical protein
JEPDNJAG_00523	CDS	234				hypothetical protein
JEPDNJAG_00524	CDS	159				hypothetical protein
JEPDNJAG_00525	CDS	405				hypothetical protein
JEPDNJAG_00526	CDS	543				hypothetical protein
JEPDNJAG_00527	CDS	183				hypothetical protein
JEPDNJAG_00528	CDS	1224				hypothetical protein
JEPDNJAG_00529	CDS	468				hypothetical protein
JEPDNJAG_00530	CDS	801				hypothetical protein
JEPDNJAG_00531	CDS	501				hypothetical protein
JEPDNJAG_00532	CDS	804				hypothetical protein
JEPDNJAG_00533	CDS	519				hypothetical protein
JEPDNJAG_00534	CDS	1407	iolG_3	1.1.1.369		Inositol 2-dehydrogenase/D-chiro-inositol 3-dehydrogenase
JEPDNJAG_00535	CDS	1608	dan_2	3.5.1.81	COG3653	D-aminoacylase
JEPDNJAG_00536	CDS	744	cheB_2	3.5.1.44		Protein-glutamate methylesterase/protein-glutamine glutaminase
JEPDNJAG_00537	CDS	387	divK_2			Polar-differentiation response regulator DivK
JEPDNJAG_00538	CDS	1146	rcsC_5	2.7.13.3		Sensor histidine kinase RcsC
JEPDNJAG_00539	CDS	666	cheB_3	3.5.1.44		Protein-glutamate methylesterase/protein-glutamine glutaminase
JEPDNJAG_00540	CDS	3582	rcsC_6	2.7.13.3		Sensor histidine kinase RcsC
JEPDNJAG_00541	CDS	600	rcsC_7	2.7.13.3		Sensor histidine kinase RcsC
JEPDNJAG_00542	CDS	129				hypothetical protein
JEPDNJAG_00543	CDS	744				hypothetical protein
JEPDNJAG_00544	CDS	444	vanRc			Regulatory protein VanRc
JEPDNJAG_00545	CDS	1266				hypothetical protein
JEPDNJAG_00546	CDS	453				hypothetical protein
JEPDNJAG_00547	CDS	636				hypothetical protein
JEPDNJAG_00548	CDS	1008	trxB	1.8.1.9	COG0492	Thioredoxin reductase
JEPDNJAG_00549	CDS	564				hypothetical protein
JEPDNJAG_00550	CDS	954	noc			Nucleoid occlusion protein
JEPDNJAG_00551	CDS	888	crnA_1	3.5.2.10		Creatinine amidohydrolase
JEPDNJAG_00552	CDS	480				hypothetical protein
JEPDNJAG_00553	CDS	363				hypothetical protein
JEPDNJAG_00554	CDS	264				hypothetical protein
JEPDNJAG_00555	CDS	1560	crtI_1	1.3.99.28	COG1233	Phytoene desaturase (neurosporene-forming)
JEPDNJAG_00556	CDS	1557	crtI_2	1.3.99.28	COG1233	Phytoene desaturase (neurosporene-forming)
JEPDNJAG_00557	CDS	1002			COG2271	putative MFS-type transporter
JEPDNJAG_00558	CDS	1938				hypothetical protein
JEPDNJAG_00559	CDS	909				hypothetical protein
JEPDNJAG_00560	CDS	2301	rcsC_8	2.7.13.3		Sensor histidine kinase RcsC
JEPDNJAG_00561	CDS	369	pleD		COG0745	Response regulator PleD
JEPDNJAG_00562	CDS	249				hypothetical protein
JEPDNJAG_00563	CDS	1005				hypothetical protein
JEPDNJAG_00564	CDS	690				hypothetical protein
JEPDNJAG_00565	CDS	588				hypothetical protein
JEPDNJAG_00566	CDS	651				hypothetical protein
JEPDNJAG_00567	CDS	507		2.7.7.53	COG0537	AP-4-A phosphorylase
JEPDNJAG_00568	CDS	735				hypothetical protein
JEPDNJAG_00569	CDS	441				hypothetical protein
JEPDNJAG_00570	CDS	243				hypothetical protein
JEPDNJAG_00571	CDS	1275	cyd	2.8.1.7	COG0520	Cysteine desulfurase
JEPDNJAG_00572	CDS	465	sufD		COG0719	Iron-sulfur cluster assembly protein SufD
JEPDNJAG_00573	CDS	708				hypothetical protein
JEPDNJAG_00574	CDS	981				hypothetical protein
JEPDNJAG_00575	CDS	219				hypothetical protein
JEPDNJAG_00576	CDS	768				hypothetical protein
JEPDNJAG_00577	CDS	528	ssuC		COG0600	Putative aliphatic sulfonates transport permease protein SsuC
JEPDNJAG_00578	CDS	936				hypothetical protein
JEPDNJAG_00579	CDS	324				hypothetical protein
JEPDNJAG_00580	CDS	786				hypothetical protein
JEPDNJAG_00581	CDS	612				hypothetical protein
JEPDNJAG_00582	CDS	387				hypothetical protein
JEPDNJAG_00583	CDS	1035				hypothetical protein
JEPDNJAG_00584	CDS	1527	eryB	1.1.1.402		D-erythritol 1-phosphate dehydrogenase
JEPDNJAG_00585	CDS	180				hypothetical protein
JEPDNJAG_00586	CDS	1395	amiF	3.5.1.49		Formamidase
JEPDNJAG_00587	CDS	1110				hypothetical protein
JEPDNJAG_00588	CDS	1254	ampC	3.5.2.6		Beta-lactamase
JEPDNJAG_00589	CDS	288				hypothetical protein
JEPDNJAG_00590	CDS	273				hypothetical protein
JEPDNJAG_00591	CDS	369				hypothetical protein
JEPDNJAG_00592	CDS	1713				hypothetical protein
JEPDNJAG_00593	CDS	1389				hypothetical protein
JEPDNJAG_00594	CDS	657				hypothetical protein
JEPDNJAG_00595	CDS	651	abf2	3.2.1.55	COG3534	Intracellular exo-alpha-L-arabinofuranosidase 2
JEPDNJAG_00596	CDS	864				hypothetical protein
JEPDNJAG_00597	CDS	252				hypothetical protein
JEPDNJAG_00598	CDS	348				hypothetical protein
JEPDNJAG_00599	CDS	300				hypothetical protein
JEPDNJAG_00600	CDS	720				hypothetical protein
JEPDNJAG_00601	CDS	375				hypothetical protein
JEPDNJAG_00602	CDS	2022	glmS	2.6.1.16	COG0449	Glutamine--fructose-6-phosphate aminotransferase [isomerizing]
JEPDNJAG_00603	CDS	393				hypothetical protein
JEPDNJAG_00604	CDS	423				hypothetical protein
JEPDNJAG_00605	CDS	918				hypothetical protein
JEPDNJAG_00606	CDS	774	coaX	2.7.1.33	COG1521	Type III pantothenate kinase
JEPDNJAG_00607	CDS	1065	dusB	1.3.1.-	COG0042	tRNA-dihydrouridine synthase B
JEPDNJAG_00608	CDS	822				hypothetical protein
JEPDNJAG_00609	CDS	390				hypothetical protein
JEPDNJAG_00610	CDS	1521		3.1.6.-	COG3119	Ulvan-active sulfatase
JEPDNJAG_00611	CDS	2454				hypothetical protein
JEPDNJAG_00612	CDS	627				hypothetical protein
JEPDNJAG_00613	CDS	354	xecD1	1.1.1.268	COG1028	2-(R)-hydroxypropyl-CoM dehydrogenase
JEPDNJAG_00614	CDS	528				hypothetical protein
JEPDNJAG_00615	CDS	897				hypothetical protein
JEPDNJAG_00616	CDS	405				Protein archease
JEPDNJAG_00617	CDS	858	cpoB_1			Cell division coordinator CpoB
JEPDNJAG_00618	CDS	1236				hypothetical protein
JEPDNJAG_00619	CDS	192				hypothetical protein
JEPDNJAG_00620	CDS	363				hypothetical protein
JEPDNJAG_00621	CDS	963				hypothetical protein
JEPDNJAG_00622	CDS	225				hypothetical protein
JEPDNJAG_00623	CDS	321				hypothetical protein
JEPDNJAG_00624	CDS	123				hypothetical protein
JEPDNJAG_00625	CDS	279				hypothetical protein
JEPDNJAG_00626	CDS	1029	ybhF_3		COG1131	putative multidrug ABC transporter ATP-binding protein YbhF
JEPDNJAG_00627	CDS	669				hypothetical protein
JEPDNJAG_00628	CDS	231				hypothetical protein
JEPDNJAG_00629	CDS	897				hypothetical protein
JEPDNJAG_00630	CDS	1146	lgdh	1.1.1.425	COG0673	Levoglucosan dehydrogenase
JEPDNJAG_00631	CDS	204				hypothetical protein
JEPDNJAG_00632	CDS	1296	ligB	6.5.1.1	COG1793	DNA ligase B
JEPDNJAG_00633	CDS	195				hypothetical protein
JEPDNJAG_00634	CDS	231				hypothetical protein
JEPDNJAG_00635	CDS	495	lgt	2.5.1.145	COG0682	Phosphatidylglycerol--prolipoprotein diacylglyceryl transferase
JEPDNJAG_00636	CDS	735				hypothetical protein
JEPDNJAG_00637	CDS	1170				hypothetical protein
JEPDNJAG_00638	CDS	996				hypothetical protein
JEPDNJAG_00639	CDS	1047				hypothetical protein
JEPDNJAG_00640	CDS	777				hypothetical protein
JEPDNJAG_00641	CDS	1110				hypothetical protein
JEPDNJAG_00642	CDS	180				hypothetical protein
JEPDNJAG_00643	CDS	471				hypothetical protein
JEPDNJAG_00644	CDS	729		1.-.-.-		putative oxidoreductase
JEPDNJAG_00645	CDS	372	resA_1		COG0526	Thiol-disulfide oxidoreductase ResA
JEPDNJAG_00646	CDS	108				hypothetical protein
JEPDNJAG_00647	CDS	1323	cckA_1			Sensor kinase CckA
JEPDNJAG_00648	CDS	120				hypothetical protein
JEPDNJAG_00649	CDS	117				hypothetical protein
JEPDNJAG_00650	CDS	165				hypothetical protein
JEPDNJAG_00651	CDS	243				hypothetical protein
JEPDNJAG_00652	CDS	1095	pksS	1.14.-.-	COG2124	Polyketide biosynthesis cytochrome P450 PksS
JEPDNJAG_00653	CDS	372				hypothetical protein
JEPDNJAG_00654	CDS	861				hypothetical protein
JEPDNJAG_00655	CDS	735				hypothetical protein
JEPDNJAG_00656	CDS	369				hypothetical protein
JEPDNJAG_00657	CDS	693				hypothetical protein
JEPDNJAG_00658	CDS	630	pth	3.1.1.29	COG0193	Peptidyl-tRNA hydrolase
JEPDNJAG_00659	CDS	441	prs	2.7.6.1	COG0462	Ribose-phosphate pyrophosphokinase
JEPDNJAG_00660	CDS	1017	lnrL_2	7.6.2.-	COG1131	Linearmycin resistance ATP-binding protein LnrL
JEPDNJAG_00661	CDS	576				hypothetical protein
JEPDNJAG_00662	CDS	675	Hgd	1.1.1.291		2-(hydroxymethyl)glutarate dehydrogenase
JEPDNJAG_00663	CDS	1056	gsiB_1		COG0747	Glutathione-binding protein GsiB
JEPDNJAG_00664	CDS	186				hypothetical protein
JEPDNJAG_00665	CDS	348				hypothetical protein
	repeat_region	617				
JEPDNJAG_00666	CDS	237				hypothetical protein
JEPDNJAG_00667	CDS	978				hypothetical protein
JEPDNJAG_00668	CDS	585				hypothetical protein
JEPDNJAG_00669	CDS	498	greA		COG0782	Transcription elongation factor GreA
JEPDNJAG_00670	CDS	288				hypothetical protein
JEPDNJAG_00671	CDS	657				hypothetical protein
JEPDNJAG_00672	CDS	576	coaBC		COG0452	Coenzyme A biosynthesis bifunctional protein CoaBC
JEPDNJAG_00673	CDS	672	undec1A	4.1.1.-		Cysteine/Cysteine sulfinic acid decarboxylase
JEPDNJAG_00674	CDS	690	crp			CRP-like cAMP-activated global transcriptional regulator
JEPDNJAG_00675	CDS	822	uvrC			UvrABC system protein C
JEPDNJAG_00676	CDS	198				hypothetical protein
JEPDNJAG_00677	CDS	858				hypothetical protein
JEPDNJAG_00678	CDS	960	btuD_2	7.6.2.8		Vitamin B12 import ATP-binding protein BtuD
JEPDNJAG_00679	CDS	783		2.4.2.-	COG2071	Putative glutamine amidotransferase
JEPDNJAG_00680	CDS	1491	besA	6.3.2.-		L-propargylglycine--L-glutamate ligase
JEPDNJAG_00681	CDS	822				hypothetical protein
JEPDNJAG_00682	CDS	297				hypothetical protein
JEPDNJAG_00683	CDS	411	vapC1	3.1.-.-		Ribonuclease VapC1
JEPDNJAG_00684	CDS	216				hypothetical protein
JEPDNJAG_00685	CDS	489	vapC_1	3.1.-.-		tRNA(fMet)-specific endonuclease VapC
JEPDNJAG_00686	CDS	264				hypothetical protein
JEPDNJAG_00687	CDS	399				hypothetical protein
JEPDNJAG_00688	CDS	792				hypothetical protein
JEPDNJAG_00689	CDS	420				hypothetical protein
JEPDNJAG_00690	CDS	546	pspA	3.1.3.3	COG0406	Phosphoserine phosphatase 1
JEPDNJAG_00691	CDS	582				hypothetical protein
JEPDNJAG_00692	CDS	582				hypothetical protein
JEPDNJAG_00693	CDS	462	recO		COG1381	DNA repair protein RecO
JEPDNJAG_00694	CDS	171				hypothetical protein
JEPDNJAG_00695	CDS	1035				hypothetical protein
JEPDNJAG_00696	CDS	669				hypothetical protein
JEPDNJAG_00697	CDS	384	nifS	2.8.1.7		Cysteine desulfurase NifS
JEPDNJAG_00698	CDS	1389				hypothetical protein
JEPDNJAG_00699	CDS	543				hypothetical protein
JEPDNJAG_00700	CDS	219				hypothetical protein
JEPDNJAG_00701	CDS	2649	valS	6.1.1.9		Valine--tRNA ligase
JEPDNJAG_00702	CDS	411				hypothetical protein
JEPDNJAG_00703	CDS	993	iolG_4	1.1.1.369		Inositol 2-dehydrogenase/D-chiro-inositol 3-dehydrogenase
JEPDNJAG_00704	CDS	1323				hypothetical protein
JEPDNJAG_00705	CDS	174				hypothetical protein
JEPDNJAG_00706	CDS	450	sigE_1		COG1595	ECF RNA polymerase sigma factor SigE
JEPDNJAG_00707	CDS	591				hypothetical protein
JEPDNJAG_00708	CDS	261				hypothetical protein
JEPDNJAG_00709	CDS	756				hypothetical protein
JEPDNJAG_00710	CDS	1119	iolG_5	1.1.1.18	COG0673	Myo-inositol 2-dehydrogenase
JEPDNJAG_00711	CDS	681	luxQ	2.7.13.3	COG0784	Autoinducer 2 sensor kinase/phosphatase LuxQ
JEPDNJAG_00712	CDS	894				hypothetical protein
JEPDNJAG_00713	CDS	252				hypothetical protein
JEPDNJAG_00714	CDS	519				hypothetical protein
JEPDNJAG_00715	CDS	189				hypothetical protein
JEPDNJAG_00716	CDS	159				hypothetical protein
JEPDNJAG_00717	CDS	453				hypothetical protein
JEPDNJAG_00718	CDS	420				hypothetical protein
JEPDNJAG_00719	CDS	777				hypothetical protein
JEPDNJAG_00720	CDS	591	algU_1			RNA polymerase sigma-H factor
JEPDNJAG_00721	CDS	618				hypothetical protein
JEPDNJAG_00722	CDS	198				hypothetical protein
JEPDNJAG_00723	CDS	261				hypothetical protein
JEPDNJAG_00724	CDS	1038	gap	1.2.1.12	COG0057	Glyceraldehyde-3-phosphate dehydrogenase
JEPDNJAG_00725	CDS	798				hypothetical protein
JEPDNJAG_00726	CDS	822				hypothetical protein
JEPDNJAG_00727	CDS	1005	ybhS_2		COG0842	putative multidrug ABC transporter permease YbhS
JEPDNJAG_00728	CDS	1101				hypothetical protein
JEPDNJAG_00729	CDS	234				hypothetical protein
JEPDNJAG_00730	CDS	1359				hypothetical protein
JEPDNJAG_00731	CDS	429				hypothetical protein
JEPDNJAG_00732	CDS	255				hypothetical protein
JEPDNJAG_00733	CDS	1167				hypothetical protein
JEPDNJAG_00734	CDS	345				hypothetical protein
JEPDNJAG_00735	CDS	348				hypothetical protein
JEPDNJAG_00736	CDS	819				hypothetical protein
JEPDNJAG_00737	CDS	117				hypothetical protein
JEPDNJAG_00738	CDS	867				hypothetical protein
JEPDNJAG_00739	CDS	525				hypothetical protein
JEPDNJAG_00740	CDS	357				hypothetical protein
JEPDNJAG_00741	CDS	999				hypothetical protein
JEPDNJAG_00742	CDS	471				hypothetical protein
JEPDNJAG_00743	CDS	420				hypothetical protein
JEPDNJAG_00744	CDS	981	scmP	3.5.1.-	COG1473	N-acetylcysteine deacetylase
JEPDNJAG_00745	CDS	372				hypothetical protein
JEPDNJAG_00746	CDS	285				hypothetical protein
JEPDNJAG_00747	CDS	366				hypothetical protein
JEPDNJAG_00748	CDS	765				hypothetical protein
JEPDNJAG_00749	CDS	333	udgb	3.2.2.-	COG1573	Type-5 uracil-DNA glycosylase
JEPDNJAG_00750	CDS	465				hypothetical protein
JEPDNJAG_00751	CDS	906				hypothetical protein
JEPDNJAG_00752	CDS	1470	bepA_2	3.4.-.-		Beta-barrel assembly-enhancing protease
JEPDNJAG_00753	CDS	1323				hypothetical protein
JEPDNJAG_00754	CDS	822				hypothetical protein
JEPDNJAG_00755	CDS	927				hypothetical protein
JEPDNJAG_00756	CDS	993				hypothetical protein
JEPDNJAG_00757	CDS	1101				hypothetical protein
JEPDNJAG_00758	CDS	768				hypothetical protein
JEPDNJAG_00759	CDS	1347		3.1.6.-	COG3119	Ulvan-active sulfatase
JEPDNJAG_00760	CDS	723	msrP_1	1.8.5.-		Protein-methionine-sulfoxide reductase catalytic subunit MsrP
JEPDNJAG_00761	CDS	618				hypothetical protein
JEPDNJAG_00762	CDS	234				hypothetical protein
JEPDNJAG_00763	CDS	1929	rcsC_9	2.7.13.3		Sensor histidine kinase RcsC
JEPDNJAG_00764	CDS	789				hypothetical protein
JEPDNJAG_00765	CDS	942	lpxL_1	2.3.1.241		Lipid A biosynthesis lauroyltransferase
JEPDNJAG_00766	CDS	606	fabF_1	2.3.1.179	COG0304	3-oxoacyl-[acyl-carrier-protein] synthase 2
JEPDNJAG_00767	CDS	879	phoR	2.7.13.3	COG5002	Alkaline phosphatase synthesis sensor protein PhoR
JEPDNJAG_00768	CDS	2223	rcsC_10	2.7.13.3		Sensor histidine kinase RcsC
JEPDNJAG_00769	CDS	243				hypothetical protein
JEPDNJAG_00770	CDS	897				hypothetical protein
JEPDNJAG_00771	CDS	294				hypothetical protein
JEPDNJAG_00772	CDS	1179				hypothetical protein
JEPDNJAG_00773	CDS	687				hypothetical protein
JEPDNJAG_00774	CDS	567	ppa	3.6.1.1	COG0221	Inorganic pyrophosphatase
JEPDNJAG_00775	CDS	951				hypothetical protein
JEPDNJAG_00776	CDS	159				hypothetical protein
JEPDNJAG_00777	CDS	744	desA1	1.14.19.-	COG0208	Putative acyl-[acyl-carrier-protein] desaturase DesA1
JEPDNJAG_00778	CDS	591	sigW_1		COG1595	ECF RNA polymerase sigma factor SigW
JEPDNJAG_00779	CDS	516				hypothetical protein
JEPDNJAG_00780	CDS	1137	resA_2			Thiol-disulfide oxidoreductase ResA
JEPDNJAG_00781	CDS	609	sodA	1.15.1.1		Superoxide dismutase [Mn]
JEPDNJAG_00782	CDS	717				hypothetical protein
JEPDNJAG_00783	CDS	393				hypothetical protein
JEPDNJAG_00784	CDS	912	rbsK	2.7.1.15	COG0524	Ribokinase
JEPDNJAG_00785	CDS	705		3.1.6.1	COG3119	Arylsulfatase
JEPDNJAG_00786	CDS	1434				hypothetical protein
JEPDNJAG_00787	CDS	705				hypothetical protein
JEPDNJAG_00788	CDS	1257	gci_2	5.5.1.27	COG4948	D-galactarolactone cycloisomerase
JEPDNJAG_00789	CDS	1869				hypothetical protein
JEPDNJAG_00790	CDS	1401	nanT			Sialic acid transporter NanT
JEPDNJAG_00791	CDS	1239				hypothetical protein
JEPDNJAG_00792	CDS	459				hypothetical protein
JEPDNJAG_00793	CDS	1254				hypothetical protein
JEPDNJAG_00794	CDS	204				hypothetical protein
JEPDNJAG_00795	CDS	1512				hypothetical protein
JEPDNJAG_00796	CDS	858				hypothetical protein
JEPDNJAG_00797	tRNA	87				tRNA-Leu(caa)
JEPDNJAG_00798	CDS	528				hypothetical protein
JEPDNJAG_00799	CDS	480	sigW_2		COG1595	ECF RNA polymerase sigma factor SigW
JEPDNJAG_00800	CDS	114				hypothetical protein
JEPDNJAG_00801	CDS	786				hypothetical protein
JEPDNJAG_00802	CDS	291				hypothetical protein
JEPDNJAG_00803	CDS	264				hypothetical protein
JEPDNJAG_00804	CDS	132				hypothetical protein
JEPDNJAG_00805	CDS	855				hypothetical protein
JEPDNJAG_00806	CDS	405				hypothetical protein
JEPDNJAG_00807	CDS	1899	yheS		COG0488	putative ATP-binding protein YheS
JEPDNJAG_00808	CDS	888	cimA	2.3.3.21	COG0119	(R)-citramalate synthase
JEPDNJAG_00809	CDS	693				hypothetical protein
JEPDNJAG_00810	CDS	123				hypothetical protein
JEPDNJAG_00811	CDS	411	sasA_1	2.7.13.3		Adaptive-response sensory-kinase SasA
JEPDNJAG_00812	CDS	216				hypothetical protein
JEPDNJAG_00813	CDS	324				hypothetical protein
JEPDNJAG_00814	CDS	339				hypothetical protein
JEPDNJAG_00815	CDS	495				hypothetical protein
JEPDNJAG_00816	CDS	156				hypothetical protein
JEPDNJAG_00817	CDS	726				hypothetical protein
JEPDNJAG_00818	CDS	771				hypothetical protein
JEPDNJAG_00819	CDS	1101				hypothetical protein
JEPDNJAG_00820	CDS	1404	mgtE		COG2239	Magnesium transporter MgtE
JEPDNJAG_00821	CDS	243				hypothetical protein
JEPDNJAG_00822	CDS	975	kimA		COG0531	Potassium transporter KimA
JEPDNJAG_00823	CDS	204				hypothetical protein
JEPDNJAG_00824	CDS	1359	steT_1		COG0531	Serine/threonine exchanger SteT
JEPDNJAG_00825	CDS	921				hypothetical protein
JEPDNJAG_00826	CDS	162				hypothetical protein
JEPDNJAG_00827	CDS	864				hypothetical protein
JEPDNJAG_00828	CDS	549				hypothetical protein
JEPDNJAG_00829	CDS	402	ogt_1	2.1.1.63	COG0350	Methylated-DNA--protein-cysteine methyltransferase
JEPDNJAG_00830	CDS	588				hypothetical protein
JEPDNJAG_00831	CDS	198				hypothetical protein
JEPDNJAG_00832	CDS	516				hypothetical protein
JEPDNJAG_00833	CDS	183				hypothetical protein
JEPDNJAG_00834	CDS	558				hypothetical protein
JEPDNJAG_00835	CDS	981	yjmC	1.1.1.-	COG2055	putative oxidoreductase YjmC
JEPDNJAG_00836	CDS	972				hypothetical protein
JEPDNJAG_00837	CDS	621				hypothetical protein
JEPDNJAG_00838	CDS	1491			COG3119	Bifunctional sulfatase/alpha-L-rhamnosidase
JEPDNJAG_00839	CDS	396	ydaP		COG0028	Putative thiamine pyrophosphate-containing protein YdaP
JEPDNJAG_00840	CDS	753				hypothetical protein
JEPDNJAG_00841	CDS	561				hypothetical protein
JEPDNJAG_00842	CDS	2061	glgB_1	2.4.1.18		1,4-alpha-glucan branching enzyme GlgB
JEPDNJAG_00843	CDS	225				hypothetical protein
JEPDNJAG_00844	CDS	267				hypothetical protein
JEPDNJAG_00845	CDS	507	rcsC_11	2.7.13.3		Sensor histidine kinase RcsC
JEPDNJAG_00846	CDS	912				hypothetical protein
JEPDNJAG_00847	CDS	240				hypothetical protein
JEPDNJAG_00848	CDS	1467				hypothetical protein
JEPDNJAG_00849	CDS	474				hypothetical protein
JEPDNJAG_00850	CDS	1587	lutA			Lactate utilization protein A
JEPDNJAG_00851	CDS	945	yidC			Membrane protein insertase YidC
JEPDNJAG_00852	CDS	573	khpB			RNA-binding protein KhpB
JEPDNJAG_00853	CDS	678				hypothetical protein
JEPDNJAG_00854	CDS	795	spo0C		COG1475	Chromosome-partitioning protein Spo0J
JEPDNJAG_00855	CDS	1128	ald	1.4.1.1	COG0686	Alanine dehydrogenase
JEPDNJAG_00856	CDS	1422	gcvPB	1.4.4.2		putative glycine dehydrogenase (decarboxylating) subunit 2
JEPDNJAG_00857	CDS	1047	ycjS_1	1.1.1.-	COG0673	D-glucoside 3-dehydrogenase
JEPDNJAG_00858	CDS	858				hypothetical protein
JEPDNJAG_00859	CDS	147				hypothetical protein
JEPDNJAG_00860	CDS	468				hypothetical protein
JEPDNJAG_00861	CDS	927				hypothetical protein
JEPDNJAG_00862	CDS	294				hypothetical protein
JEPDNJAG_00863	CDS	378				hypothetical protein
JEPDNJAG_00864	CDS	243				hypothetical protein
JEPDNJAG_00865	CDS	468				hypothetical protein
JEPDNJAG_00866	CDS	1038				hypothetical protein
JEPDNJAG_00867	CDS	429				hypothetical protein
JEPDNJAG_00868	CDS	432				hypothetical protein
JEPDNJAG_00869	CDS	1335	iolG_6	1.1.1.369		Inositol 2-dehydrogenase/D-chiro-inositol 3-dehydrogenase
JEPDNJAG_00870	CDS	819				hypothetical protein
JEPDNJAG_00871	CDS	414	gdhA_1	1.4.1.3	COG0334	Glutamate dehydrogenase
JEPDNJAG_00872	CDS	921				hypothetical protein
JEPDNJAG_00873	CDS	774				hypothetical protein
JEPDNJAG_00874	CDS	615				hypothetical protein
JEPDNJAG_00875	CDS	1107				hypothetical protein
JEPDNJAG_00876	CDS	312				hypothetical protein
JEPDNJAG_00877	CDS	1194				hypothetical protein
JEPDNJAG_00878	CDS	609				hypothetical protein
JEPDNJAG_00879	CDS	258				hypothetical protein
JEPDNJAG_00880	CDS	339	gdx			Guanidinium exporter
JEPDNJAG_00881	CDS	456				hypothetical protein
JEPDNJAG_00882	CDS	1404	metG	6.1.1.10		Methionine--tRNA ligase
JEPDNJAG_00883	CDS	405				hypothetical protein
JEPDNJAG_00884	CDS	915	pkwA	2.7.11.1		putative serine/threonine-protein kinase PkwA
JEPDNJAG_00885	CDS	1323				hypothetical protein
JEPDNJAG_00886	CDS	249				hypothetical protein
JEPDNJAG_00887	CDS	867				hypothetical protein
JEPDNJAG_00888	CDS	240				hypothetical protein
JEPDNJAG_00889	CDS	330				hypothetical protein
JEPDNJAG_00890	CDS	552				hypothetical protein
JEPDNJAG_00891	CDS	219				hypothetical protein
JEPDNJAG_00892	CDS	297				hypothetical protein
JEPDNJAG_00893	CDS	318				hypothetical protein
JEPDNJAG_00894	CDS	843				hypothetical protein
JEPDNJAG_00895	CDS	204				hypothetical protein
JEPDNJAG_00896	CDS	219				hypothetical protein
JEPDNJAG_00897	CDS	1962	pknD_1	2.7.11.1		Serine/threonine-protein kinase PknD
JEPDNJAG_00898	CDS	774				hypothetical protein
JEPDNJAG_00899	CDS	2424				hypothetical protein
JEPDNJAG_00900	CDS	927	yajO_1	1.1.-.-	COG0667	1-deoxyxylulose-5-phosphate synthase YajO
JEPDNJAG_00901	CDS	288				hypothetical protein
JEPDNJAG_00902	CDS	369				hypothetical protein
JEPDNJAG_00903	CDS	1209				hypothetical protein
JEPDNJAG_00904	CDS	1860	prmC_1	2.1.1.297		Release factor glutamine methyltransferase
JEPDNJAG_00905	CDS	126				hypothetical protein
JEPDNJAG_00906	CDS	204				hypothetical protein
JEPDNJAG_00907	CDS	402				hypothetical protein
JEPDNJAG_00908	CDS	429				hypothetical protein
JEPDNJAG_00909	CDS	237				hypothetical protein
JEPDNJAG_00910	CDS	987				hypothetical protein
JEPDNJAG_00911	CDS	651				hypothetical protein
JEPDNJAG_00912	CDS	336				hypothetical protein
JEPDNJAG_00913	CDS	189				hypothetical protein
JEPDNJAG_00914	CDS	1227				hypothetical protein
JEPDNJAG_00915	CDS	813	ecfA2	7.-.-.-	COG1122	Energy-coupling factor transporter ATP-binding protein EcfA2
JEPDNJAG_00916	CDS	945				hypothetical protein
JEPDNJAG_00917	CDS	1212				hypothetical protein
JEPDNJAG_00918	CDS	705				hypothetical protein
JEPDNJAG_00919	CDS	531				hypothetical protein
JEPDNJAG_00920	CDS	144				hypothetical protein
JEPDNJAG_00921	CDS	312				hypothetical protein
JEPDNJAG_00922	CDS	1143				hypothetical protein
JEPDNJAG_00923	CDS	513				hypothetical protein
JEPDNJAG_00924	CDS	1659	atsA_2	3.1.6.1		Arylsulfatase
JEPDNJAG_00925	CDS	669				hypothetical protein
JEPDNJAG_00926	CDS	681				hypothetical protein
JEPDNJAG_00927	CDS	402				hypothetical protein
JEPDNJAG_00928	CDS	567				hypothetical protein
JEPDNJAG_00929	CDS	420	slyA			Transcriptional regulator SlyA
JEPDNJAG_00930	CDS	531				hypothetical protein
JEPDNJAG_00931	CDS	246				hypothetical protein
JEPDNJAG_00932	CDS	498				hypothetical protein
JEPDNJAG_00933	CDS	726				hypothetical protein
JEPDNJAG_00934	CDS	126				hypothetical protein
JEPDNJAG_00935	CDS	1332				hypothetical protein
JEPDNJAG_00936	CDS	210				hypothetical protein
JEPDNJAG_00937	CDS	1050				hypothetical protein
JEPDNJAG_00938	CDS	741				hypothetical protein
JEPDNJAG_00939	CDS	270	rpsO		COG0184	Small ribosomal subunit protein uS15
JEPDNJAG_00940	CDS	192				hypothetical protein
JEPDNJAG_00941	CDS	363				hypothetical protein
JEPDNJAG_00942	CDS	1101	waaF_1	2.4.99.24	COG0859	Lipopolysaccharide heptosyltransferase 2
JEPDNJAG_00943	CDS	1026	waaF_2	2.4.99.24	COG0859	Lipopolysaccharide heptosyltransferase 2
JEPDNJAG_00944	CDS	855		7.6.2.-		Putative multidrug export ATP-binding/permease protein
JEPDNJAG_00945	tRNA	93				tRNA-SeC(tca)
JEPDNJAG_00946	CDS	1203		4.2.1.-		D-galactonate dehydratase family member
JEPDNJAG_00947	CDS	489				hypothetical protein
JEPDNJAG_00948	CDS	132				hypothetical protein
JEPDNJAG_00949	CDS	147				hypothetical protein
JEPDNJAG_00950	CDS	1119				hypothetical protein
JEPDNJAG_00951	CDS	723	lptB_1	7.5.2.-	COG1137	Lipopolysaccharide export system ATP-binding protein LptB
JEPDNJAG_00952	CDS	705				hypothetical protein
JEPDNJAG_00953	CDS	831				hypothetical protein
JEPDNJAG_00954	CDS	90				hypothetical protein
JEPDNJAG_00955	CDS	966	dan_3	3.5.1.81	COG3653	D-aminoacylase
JEPDNJAG_00956	CDS	486				hypothetical protein
JEPDNJAG_00957	CDS	1077	pyrD	1.3.5.2	COG0167	Dihydroorotate dehydrogenase (quinone)
JEPDNJAG_00958	CDS	888	cckA_2			Sensor kinase CckA
JEPDNJAG_00959	CDS	243	mazE		COG2336	Antitoxin MazE
JEPDNJAG_00960	CDS	255	mazF	3.1.27.-	COG2337	Endoribonuclease toxin MazF
JEPDNJAG_00961	CDS	1254	XPB	5.6.2.4	COG1061	DNA 3'-5' helicase XPB
JEPDNJAG_00962	CDS	207				hypothetical protein
JEPDNJAG_00963	CDS	135				hypothetical protein
JEPDNJAG_00964	CDS	516				hypothetical protein
JEPDNJAG_00965	CDS	228				hypothetical protein
JEPDNJAG_00966	CDS	1029				hypothetical protein
JEPDNJAG_00967	CDS	273	algU_2			RNA polymerase sigma-H factor
JEPDNJAG_00968	CDS	636				hypothetical protein
JEPDNJAG_00969	CDS	510	iolA	1.2.1.27	COG1012	Malonate-semialdehyde dehydrogenase
JEPDNJAG_00970	CDS	384				hypothetical protein
JEPDNJAG_00971	CDS	462				hypothetical protein
JEPDNJAG_00972	CDS	171				hypothetical protein
JEPDNJAG_00973	CDS	1020	iolG_7	1.1.1.18	COG0673	Myo-inositol 2-dehydrogenase
JEPDNJAG_00974	CDS	1416	spoIIIE		COG1674	DNA translocase SpoIIIE
JEPDNJAG_00975	CDS	1236				hypothetical protein
JEPDNJAG_00976	CDS	537				hypothetical protein
JEPDNJAG_00977	CDS	627				hypothetical protein
JEPDNJAG_00978	CDS	558				hypothetical protein
JEPDNJAG_00979	CDS	1404				hypothetical protein
JEPDNJAG_00980	CDS	1983				hypothetical protein
JEPDNJAG_00981	CDS	405				hypothetical protein
JEPDNJAG_00982	CDS	420				hypothetical protein
JEPDNJAG_00983	CDS	999				hypothetical protein
JEPDNJAG_00984	CDS	468				hypothetical protein
JEPDNJAG_00985	CDS	276	pckA_2	4.1.1.49	COG1866	Phosphoenolpyruvate carboxykinase (ATP)
JEPDNJAG_00986	CDS	972				hypothetical protein
JEPDNJAG_00987	CDS	1356				hypothetical protein
JEPDNJAG_00988	CDS	516	kdnA	2.6.1.109	COG0399	8-amino-3,8-dideoxy-alpha-D-manno-octulosonate transaminase
JEPDNJAG_00989	CDS	981	nrnA	3.1.-.-	COG0618	Bifunctional oligoribonuclease and PAP phosphatase NrnA
JEPDNJAG_00990	CDS	1242	ctpB	3.4.21.102	COG0793	Carboxy-terminal processing protease CtpB
JEPDNJAG_00991	CDS	843				hypothetical protein
JEPDNJAG_00992	CDS	3828				hypothetical protein
JEPDNJAG_00993	CDS	102				hypothetical protein
JEPDNJAG_00994	CDS	276				hypothetical protein
JEPDNJAG_00995	CDS	1758				hypothetical protein
JEPDNJAG_00996	CDS	747				hypothetical protein
JEPDNJAG_00997	CDS	657				hypothetical protein
JEPDNJAG_00998	CDS	177				hypothetical protein
JEPDNJAG_00999	CDS	624	pnbA	3.1.1.-	COG2272	Para-nitrobenzyl esterase
JEPDNJAG_01000	CDS	111				hypothetical protein
JEPDNJAG_01001	CDS	258				hypothetical protein
JEPDNJAG_01002	CDS	678				hypothetical protein
JEPDNJAG_01003	CDS	585				hypothetical protein
JEPDNJAG_01004	CDS	1293				hypothetical protein
JEPDNJAG_01005	CDS	198				hypothetical protein
JEPDNJAG_01006	CDS	729				hypothetical protein
JEPDNJAG_01007	CDS	165				hypothetical protein
JEPDNJAG_01008	CDS	786				hypothetical protein
JEPDNJAG_01009	CDS	1068				hypothetical protein
JEPDNJAG_01010	CDS	228				hypothetical protein
JEPDNJAG_01011	CDS	273				hypothetical protein
JEPDNJAG_01012	CDS	228				hypothetical protein
JEPDNJAG_01013	CDS	651	cas4-cas1_1	3.1.-.-	COG1468	CRISPR-associated exonuclease Cas4/endonuclease Cas1 fusion
JEPDNJAG_01014	CDS	177				hypothetical protein
JEPDNJAG_01015	CDS	1035	cas4-cas1_2	3.1.-.-	COG1468	CRISPR-associated exonuclease Cas4/endonuclease Cas1 fusion
JEPDNJAG_01016	CDS	375	cas2	3.1.-.-		CRISPR-associated endoribonuclease Cas2
	repeat_region	608				
JEPDNJAG_01017	CDS	1542				hypothetical protein
JEPDNJAG_01018	CDS	867				hypothetical protein
JEPDNJAG_01019	CDS	624				hypothetical protein
JEPDNJAG_01020	CDS	183				hypothetical protein
JEPDNJAG_01021	CDS	951				hypothetical protein
JEPDNJAG_01022	CDS	192	ogt_2	2.1.1.63		Methylated-DNA--protein-cysteine methyltransferase
JEPDNJAG_01023	CDS	543				hypothetical protein
JEPDNJAG_01024	CDS	369	nagAb			Naphthalene 1,2-dioxygenase/salicylate 5-hydroxylase systems, ferredoxin component
JEPDNJAG_01025	CDS	2301	bamB_1			Outer membrane protein assembly factor BamB
JEPDNJAG_01026	CDS	930				hypothetical protein
JEPDNJAG_01027	CDS	519				hypothetical protein
JEPDNJAG_01028	CDS	978	cusS	2.7.13.3	COG5002	Sensor histidine kinase CusS
JEPDNJAG_01029	CDS	948	rhaA	5.3.1.14	COG4806	L-rhamnose isomerase
JEPDNJAG_01030	CDS	1026	pld1	1.1.1.107		Pyridoxal 4-dehydrogenase
JEPDNJAG_01031	CDS	351	ilvE_1	2.6.1.42		Branched-chain-amino-acid aminotransferase
JEPDNJAG_01032	CDS	360				hypothetical protein
JEPDNJAG_01033	CDS	369				hypothetical protein
JEPDNJAG_01034	tRNA	75				tRNA-Pro(tgg)
JEPDNJAG_01035	CDS	1236	kanB_1	2.6.1.100		L-glutamine:2-deoxy-scyllo-inosose aminotransferase
JEPDNJAG_01036	CDS	1233		3.1.1.-		Carbohydrate esterase
JEPDNJAG_01037	CDS	2610				hypothetical protein
JEPDNJAG_01038	CDS	330				hypothetical protein
JEPDNJAG_01039	CDS	903				hypothetical protein
JEPDNJAG_01040	CDS	798	iolE	4.2.1.44		Inosose dehydratase
JEPDNJAG_01041	CDS	432				hypothetical protein
JEPDNJAG_01042	CDS	267				hypothetical protein
JEPDNJAG_01043	CDS	669				hypothetical protein
JEPDNJAG_01044	CDS	672	rph_1	2.7.9.6		Rifampicin phosphotransferase
JEPDNJAG_01045	CDS	402	arnE			4-amino-4-deoxy-L-arabinose-phosphoundecaprenol flippase subunit ArnE
JEPDNJAG_01046	CDS	486				hypothetical protein
JEPDNJAG_01047	CDS	984				hypothetical protein
JEPDNJAG_01048	CDS	651				hypothetical protein
JEPDNJAG_01049	CDS	504				hypothetical protein
JEPDNJAG_01050	CDS	183				hypothetical protein
JEPDNJAG_01051	CDS	180				hypothetical protein
JEPDNJAG_01052	CDS	1185				hypothetical protein
JEPDNJAG_01053	CDS	567				hypothetical protein
JEPDNJAG_01054	CDS	297				hypothetical protein
JEPDNJAG_01055	CDS	858				hypothetical protein
JEPDNJAG_01056	CDS	171				hypothetical protein
JEPDNJAG_01057	CDS	243				hypothetical protein
JEPDNJAG_01058	CDS	336				hypothetical protein
JEPDNJAG_01059	CDS	501				hypothetical protein
JEPDNJAG_01060	CDS	852	mta		COG0789	HTH-type transcriptional activator mta
JEPDNJAG_01061	CDS	156				hypothetical protein
JEPDNJAG_01062	CDS	729				hypothetical protein
JEPDNJAG_01063	CDS	351				hypothetical protein
JEPDNJAG_01064	CDS	1308	iolG_8	1.1.1.369		Inositol 2-dehydrogenase/D-chiro-inositol 3-dehydrogenase
JEPDNJAG_01065	CDS	1839				hypothetical protein
JEPDNJAG_01066	CDS	261				hypothetical protein
JEPDNJAG_01067	CDS	879				hypothetical protein
JEPDNJAG_01068	CDS	822				hypothetical protein
JEPDNJAG_01069	CDS	969	ghrB_1	1.1.1.79	COG1052	Glyoxylate/hydroxypyruvate reductase B
JEPDNJAG_01070	CDS	1152				hypothetical protein
JEPDNJAG_01071	CDS	732		1.-.-.-		putative oxidoreductase
JEPDNJAG_01072	CDS	1332				hypothetical protein
JEPDNJAG_01073	CDS	990				hypothetical protein
JEPDNJAG_01074	CDS	498	rsbW_1	2.7.11.1		Serine-protein kinase RsbW
JEPDNJAG_01075	CDS	747				hypothetical protein
JEPDNJAG_01076	CDS	585			COG2267	putative protein
JEPDNJAG_01077	CDS	849				hypothetical protein
JEPDNJAG_01078	CDS	144				hypothetical protein
JEPDNJAG_01079	CDS	1029				hypothetical protein
JEPDNJAG_01080	CDS	894	gnl_1	3.1.1.17	COG3386	Gluconolactonase
JEPDNJAG_01081	CDS	249				hypothetical protein
JEPDNJAG_01082	CDS	780				hypothetical protein
JEPDNJAG_01083	CDS	387				hypothetical protein
JEPDNJAG_01084	CDS	189				hypothetical protein
JEPDNJAG_01085	CDS	1725	ggt_1	3.4.19.13	COG0405	Glutathione hydrolase proenzyme
JEPDNJAG_01086	CDS	1959				hypothetical protein
JEPDNJAG_01087	CDS	1287				hypothetical protein
JEPDNJAG_01088	CDS	858		3.1.1.23	COG2267	Monoacylglycerol lipase
JEPDNJAG_01089	CDS	753				hypothetical protein
JEPDNJAG_01090	CDS	1005	lacI_1		COG1609	Lactose operon repressor
JEPDNJAG_01091	CDS	711		3.2.1.218	COG2152	3-keto-disaccharide hydrolase
JEPDNJAG_01092	CDS	642				hypothetical protein
JEPDNJAG_01093	CDS	894			COG0823	putative protein
JEPDNJAG_01094	CDS	657				hypothetical protein
JEPDNJAG_01095	CDS	1113				hypothetical protein
JEPDNJAG_01096	CDS	495				hypothetical protein
JEPDNJAG_01097	CDS	840				hypothetical protein
JEPDNJAG_01098	CDS	231				hypothetical protein
JEPDNJAG_01099	CDS	2010				hypothetical protein
JEPDNJAG_01100	CDS	630				hypothetical protein
JEPDNJAG_01101	CDS	1269				hypothetical protein
JEPDNJAG_01102	CDS	453				hypothetical protein
JEPDNJAG_01103	CDS	1551		3.1.6.1	COG3119	Arylsulfatase
JEPDNJAG_01104	CDS	1431	iolG_9	1.1.1.369		Inositol 2-dehydrogenase/D-chiro-inositol 3-dehydrogenase
JEPDNJAG_01105	CDS	285				hypothetical protein
JEPDNJAG_01106	CDS	99				hypothetical protein
JEPDNJAG_01107	CDS	480				hypothetical protein
JEPDNJAG_01108	CDS	426	vapC_2	3.1.-.-		tRNA(fMet)-specific endonuclease VapC
JEPDNJAG_01109	CDS	267				hypothetical protein
JEPDNJAG_01110	CDS	1518				hypothetical protein
JEPDNJAG_01111	CDS	372				hypothetical protein
JEPDNJAG_01112	CDS	282				hypothetical protein
JEPDNJAG_01113	CDS	909				hypothetical protein
JEPDNJAG_01114	CDS	810				hypothetical protein
JEPDNJAG_01115	CDS	957	valG	2.4.1.338	COG1216	Validoxylamine A glucosyltransferase
JEPDNJAG_01116	CDS	570				hypothetical protein
JEPDNJAG_01117	CDS	831				hypothetical protein
JEPDNJAG_01118	CDS	993				hypothetical protein
JEPDNJAG_01119	CDS	792				hypothetical protein
JEPDNJAG_01120	CDS	660				hypothetical protein
JEPDNJAG_01121	CDS	252				hypothetical protein
JEPDNJAG_01122	CDS	1215				hypothetical protein
JEPDNJAG_01123	CDS	522				hypothetical protein
JEPDNJAG_01124	CDS	507				hypothetical protein
JEPDNJAG_01125	CDS	198				hypothetical protein
JEPDNJAG_01126	CDS	651				hypothetical protein
JEPDNJAG_01127	CDS	1011				hypothetical protein
JEPDNJAG_01128	CDS	330				hypothetical protein
JEPDNJAG_01129	CDS	345				hypothetical protein
JEPDNJAG_01130	CDS	1494				hypothetical protein
JEPDNJAG_01131	CDS	474				hypothetical protein
JEPDNJAG_01132	CDS	465				hypothetical protein
JEPDNJAG_01133	CDS	141				hypothetical protein
JEPDNJAG_01134	CDS	2346				hypothetical protein
JEPDNJAG_01135	CDS	264				hypothetical protein
JEPDNJAG_01136	CDS	399				hypothetical protein
JEPDNJAG_01137	CDS	768				hypothetical protein
JEPDNJAG_01138	CDS	1029				hypothetical protein
JEPDNJAG_01139	CDS	429				hypothetical protein
JEPDNJAG_01140	CDS	987	oleD	1.1.1.412	COG0451	2-alkyl-3-oxoalkanoate reductase
JEPDNJAG_01141	CDS	1848	asnB_1	6.3.5.4	COG0367	Asparagine synthetase [glutamine-hydrolyzing] 1
JEPDNJAG_01142	CDS	1728				hypothetical protein
JEPDNJAG_01143	CDS	888				hypothetical protein
JEPDNJAG_01144	CDS	1053				hypothetical protein
JEPDNJAG_01145	CDS	873	neuB	2.5.1.101	COG2089	N,N'-diacetyllegionaminic acid synthase
JEPDNJAG_01146	CDS	837	kduD	1.1.1.127	COG1028	2-dehydro-3-deoxy-D-gluconate 5-dehydrogenase
JEPDNJAG_01147	CDS	834	fabG_1	1.1.1.100	COG1028	3-oxoacyl-[acyl-carrier-protein] reductase FabG
JEPDNJAG_01148	CDS	777	fabG_2	1.1.1.100	COG1028	3-oxoacyl-[acyl-carrier-protein] reductase FabG
JEPDNJAG_01149	CDS	744				hypothetical protein
JEPDNJAG_01150	CDS	120				hypothetical protein
JEPDNJAG_01151	CDS	843				hypothetical protein
JEPDNJAG_01152	CDS	696		2.7.7.43		N-acylneuraminate cytidylyltransferase
JEPDNJAG_01153	CDS	1014				hypothetical protein
JEPDNJAG_01154	CDS	264				hypothetical protein
JEPDNJAG_01155	CDS	705				hypothetical protein
JEPDNJAG_01156	CDS	786			COG0577	putative ABC transporter permease protein
JEPDNJAG_01157	CDS	306				hypothetical protein
JEPDNJAG_01158	CDS	969				hypothetical protein
JEPDNJAG_01159	CDS	504			COG2335	Protein
JEPDNJAG_01160	CDS	276				hypothetical protein
JEPDNJAG_01161	CDS	561		4.1.2.42		D-threonine aldolase
JEPDNJAG_01162	CDS	654	modB		COG4149	Molybdenum transport system permease protein ModB
JEPDNJAG_01163	CDS	849				hypothetical protein
JEPDNJAG_01164	CDS	333				hypothetical protein
JEPDNJAG_01165	CDS	921	dapA_2	4.3.3.7	COG0329	4-hydroxy-tetrahydrodipicolinate synthase
JEPDNJAG_01166	CDS	1050	asd	1.2.1.11	COG0136	Aspartate-semialdehyde dehydrogenase
JEPDNJAG_01167	CDS	987				hypothetical protein
JEPDNJAG_01168	CDS	792				hypothetical protein
JEPDNJAG_01169	CDS	780				hypothetical protein
JEPDNJAG_01170	CDS	444				hypothetical protein
JEPDNJAG_01171	CDS	198				hypothetical protein
JEPDNJAG_01172	CDS	1764	kefC			Glutathione-regulated potassium-efflux system protein KefC
JEPDNJAG_01173	CDS	1467		3.1.6.-	COG3119	N-acetylgalactosamine-6-O-sulfatase
JEPDNJAG_01174	CDS	660				hypothetical protein
JEPDNJAG_01175	CDS	267				hypothetical protein
JEPDNJAG_01176	CDS	285				hypothetical protein
JEPDNJAG_01177	CDS	996	btuD_3	7.6.2.8		Vitamin B12 import ATP-binding protein BtuD
JEPDNJAG_01178	CDS	891				hypothetical protein
JEPDNJAG_01179	CDS	162				hypothetical protein
JEPDNJAG_01180	CDS	201				hypothetical protein
JEPDNJAG_01181	CDS	339	dipZ		COG0526	Protein DipZ
JEPDNJAG_01182	CDS	972	iolG_10	1.1.1.18	COG0673	Myo-inositol 2-dehydrogenase
JEPDNJAG_01183	CDS	1773				hypothetical protein
JEPDNJAG_01184	CDS	1434	pnp	2.7.7.8		Polyribonucleotide nucleotidyltransferase
JEPDNJAG_01185	CDS	750	coaE	2.7.1.24		Dephospho-CoA kinase
JEPDNJAG_01186	CDS	648				hypothetical protein
JEPDNJAG_01187	CDS	180				hypothetical protein
JEPDNJAG_01188	CDS	981	ycf48			Photosystem II assembly lipoprotein Ycf48
JEPDNJAG_01189	CDS	288				hypothetical protein
JEPDNJAG_01190	CDS	1077				hypothetical protein
JEPDNJAG_01191	CDS	2058				hypothetical protein
JEPDNJAG_01192	CDS	243				hypothetical protein
JEPDNJAG_01193	CDS	1218	tolB_3			Tol-Pal system protein TolB
JEPDNJAG_01194	CDS	297				hypothetical protein
JEPDNJAG_01195	CDS	927				hypothetical protein
JEPDNJAG_01196	CDS	1614	pac	3.5.1.11		Penicillin G acylase
JEPDNJAG_01197	CDS	459				hypothetical protein
JEPDNJAG_01198	CDS	168				hypothetical protein
JEPDNJAG_01199	CDS	1470	cysS	6.1.1.16	COG0215	Cysteine--tRNA ligase
JEPDNJAG_01200	CDS	684				hypothetical protein
JEPDNJAG_01201	CDS	552				hypothetical protein
JEPDNJAG_01202	CDS	1344	dan_4	3.5.1.81	COG3653	D-aminoacylase
JEPDNJAG_01203	CDS	240				hypothetical protein
JEPDNJAG_01204	CDS	663	yiiM		COG2258	Protein YiiM
JEPDNJAG_01205	CDS	546				hypothetical protein
JEPDNJAG_01206	CDS	1743				hypothetical protein
JEPDNJAG_01207	CDS	894	ilvE_2	2.6.1.42	COG0115	Branched-chain-amino-acid aminotransferase
JEPDNJAG_01208	CDS	1089	leuS	6.1.1.4		Leucine--tRNA ligase
JEPDNJAG_01209	CDS	1248				hypothetical protein
JEPDNJAG_01210	CDS	534	ubiX	2.5.1.129	COG0163	Flavin prenyltransferase UbiX
JEPDNJAG_01211	CDS	1269				hypothetical protein
JEPDNJAG_01212	CDS	1179	pal			Peptidoglycan-associated lipoprotein
JEPDNJAG_01213	CDS	972				hypothetical protein
JEPDNJAG_01214	CDS	825				hypothetical protein
JEPDNJAG_01215	CDS	771				hypothetical protein
JEPDNJAG_01216	CDS	468	dut	3.6.1.23	COG0756	Deoxyuridine 5'-triphosphate nucleotidohydrolase
JEPDNJAG_01217	CDS	219	hemL_1	5.4.3.8	COG0001	Glutamate-1-semialdehyde 2,1-aminomutase
JEPDNJAG_01218	CDS	96				hypothetical protein
JEPDNJAG_01219	CDS	1053	oppD	7.4.2.6	COG0444	Oligopeptide transport ATP-binding protein OppD
JEPDNJAG_01220	CDS	762				hypothetical protein
JEPDNJAG_01221	CDS	642				hypothetical protein
JEPDNJAG_01222	CDS	690				hypothetical protein
JEPDNJAG_01223	CDS	1845	ade_1	3.5.4.2		Adenine deaminase
JEPDNJAG_01224	CDS	948	ade_2	3.5.4.2		Adenine deaminase
JEPDNJAG_01225	CDS	1197				hypothetical protein
JEPDNJAG_01226	CDS	258				hypothetical protein
JEPDNJAG_01227	CDS	933				hypothetical protein
JEPDNJAG_01228	CDS	801				hypothetical protein
JEPDNJAG_01229	CDS	174				hypothetical protein
JEPDNJAG_01230	CDS	177				hypothetical protein
JEPDNJAG_01231	CDS	891				hypothetical protein
JEPDNJAG_01232	CDS	264	hutH	4.3.1.3	COG2986	Histidine ammonia-lyase
JEPDNJAG_01233	CDS	1602	hutU	4.2.1.49	COG2987	Urocanate hydratase
JEPDNJAG_01234	CDS	261				hypothetical protein
JEPDNJAG_01235	CDS	870		4.2.1.118		3-dehydroshikimate dehydratase
JEPDNJAG_01236	CDS	441				hypothetical protein
JEPDNJAG_01237	CDS	1347				hypothetical protein
JEPDNJAG_01238	CDS	360				hypothetical protein
JEPDNJAG_01239	CDS	1539				hypothetical protein
JEPDNJAG_01240	CDS	1272				hypothetical protein
JEPDNJAG_01241	CDS	555				hypothetical protein
JEPDNJAG_01242	CDS	375	tkt	2.2.1.1		Transketolase
JEPDNJAG_01243	CDS	366	higB-2		COG4737	Toxin HigB-2
JEPDNJAG_01244	CDS	339	higA-2		COG2944	Antitoxin HigA-2
JEPDNJAG_01245	CDS	768	pucI		COG1953	Allantoin permease
JEPDNJAG_01246	CDS	396	cyoE	2.5.1.141		Protoheme IX farnesyltransferase
JEPDNJAG_01247	CDS	657				hypothetical protein
JEPDNJAG_01248	CDS	903				hypothetical protein
JEPDNJAG_01249	CDS	387				hypothetical protein
JEPDNJAG_01250	CDS	1299				hypothetical protein
JEPDNJAG_01251	CDS	120				hypothetical protein
JEPDNJAG_01252	CDS	918				hypothetical protein
JEPDNJAG_01253	CDS	1338				hypothetical protein
JEPDNJAG_01254	CDS	201				hypothetical protein
JEPDNJAG_01255	CDS	228				hypothetical protein
JEPDNJAG_01256	CDS	249				hypothetical protein
JEPDNJAG_01257	CDS	945	rlmK	2.1.1.264		Ribosomal RNA large subunit methyltransferase K
JEPDNJAG_01258	CDS	486				hypothetical protein
JEPDNJAG_01259	CDS	2418		3.2.1.55		Extracellular exo-alpha-L-arabinofuranosidase
JEPDNJAG_01260	CDS	243				hypothetical protein
JEPDNJAG_01261	CDS	648				hypothetical protein
JEPDNJAG_01262	CDS	381				hypothetical protein
JEPDNJAG_01263	CDS	1164				hypothetical protein
JEPDNJAG_01264	CDS	534				hypothetical protein
JEPDNJAG_01265	CDS	636				hypothetical protein
JEPDNJAG_01266	CDS	1380				hypothetical protein
JEPDNJAG_01267	CDS	1074				hypothetical protein
JEPDNJAG_01268	CDS	288				hypothetical protein
JEPDNJAG_01269	CDS	126				hypothetical protein
JEPDNJAG_01270	CDS	123				hypothetical protein
JEPDNJAG_01271	CDS	222				hypothetical protein
JEPDNJAG_01272	CDS	219				hypothetical protein
JEPDNJAG_01273	CDS	1335				hypothetical protein
JEPDNJAG_01274	CDS	207				hypothetical protein
JEPDNJAG_01275	CDS	864				hypothetical protein
JEPDNJAG_01276	CDS	1788	mdtA			Multidrug resistance protein MdtA
JEPDNJAG_01277	CDS	558				hypothetical protein
JEPDNJAG_01278	CDS	156				hypothetical protein
JEPDNJAG_01279	CDS	756				hypothetical protein
JEPDNJAG_01280	CDS	213				hypothetical protein
JEPDNJAG_01281	CDS	507				hypothetical protein
JEPDNJAG_01282	CDS	1044				hypothetical protein
JEPDNJAG_01283	CDS	909				hypothetical protein
JEPDNJAG_01284	CDS	1560				hypothetical protein
JEPDNJAG_01285	CDS	666				hypothetical protein
JEPDNJAG_01286	CDS	696	walR_1		COG0745	Transcriptional regulatory protein WalR
JEPDNJAG_01287	CDS	1059	rcsC_12	2.7.13.3		Sensor histidine kinase RcsC
JEPDNJAG_01288	CDS	240				hypothetical protein
JEPDNJAG_01289	CDS	1146		4.2.1.-	COG4948	D-galactonate dehydratase family member
JEPDNJAG_01290	CDS	429				hypothetical protein
JEPDNJAG_01291	CDS	255				hypothetical protein
JEPDNJAG_01292	CDS	792				hypothetical protein
JEPDNJAG_01293	CDS	525	ltaE	4.1.2.48		Low specificity L-threonine aldolase
JEPDNJAG_01294	CDS	588				hypothetical protein
JEPDNJAG_01295	CDS	387	cckA_3			Sensor kinase CckA
JEPDNJAG_01296	CDS	333				hypothetical protein
JEPDNJAG_01297	CDS	333				hypothetical protein
JEPDNJAG_01298	CDS	204				hypothetical protein
JEPDNJAG_01299	CDS	648				hypothetical protein
JEPDNJAG_01300	CDS	738	cobB	2.3.1.286	COG0846	NAD-dependent protein deacylase
JEPDNJAG_01301	CDS	330				hypothetical protein
JEPDNJAG_01302	CDS	822	mutM_1	3.2.2.23		Formamidopyrimidine-DNA glycosylase
JEPDNJAG_01303	CDS	849	panC	6.3.2.1	COG0414	Pantothenate synthetase
JEPDNJAG_01304	CDS	837	panB	2.1.2.11	COG0413	3-methyl-2-oxobutanoate hydroxymethyltransferase
JEPDNJAG_01305	CDS	492				hypothetical protein
JEPDNJAG_01306	CDS	345	purA	6.3.4.4		Adenylosuccinate synthetase
JEPDNJAG_01307	CDS	216				hypothetical protein
JEPDNJAG_01308	CDS	924	hemB	4.2.1.24	COG0113	Delta-aminolevulinic acid dehydratase
JEPDNJAG_01309	CDS	453				hypothetical protein
JEPDNJAG_01310	CDS	408	hpnP	2.1.1.-		Hopanoid C-2 methylase
JEPDNJAG_01311	CDS	438				putative protein
JEPDNJAG_01312	CDS	756				putative protein
JEPDNJAG_01313	CDS	702				hypothetical protein
JEPDNJAG_01314	CDS	1146				hypothetical protein
JEPDNJAG_01315	CDS	837				hypothetical protein
JEPDNJAG_01316	CDS	1185	stf3	2.8.2.40	COG0446	Omega-hydroxy-beta-dihydromenaquinone-9 sulfotransferase Stf3
JEPDNJAG_01317	CDS	300				hypothetical protein
JEPDNJAG_01318	CDS	279				hypothetical protein
JEPDNJAG_01319	CDS	1581				hypothetical protein
JEPDNJAG_01320	CDS	570	yhbO	3.1.2.-	COG0693	Protein/nucleic acid deglycase 2
JEPDNJAG_01321	CDS	252				hypothetical protein
JEPDNJAG_01322	CDS	972				hypothetical protein
JEPDNJAG_01323	CDS	183				hypothetical protein
JEPDNJAG_01324	CDS	135				hypothetical protein
JEPDNJAG_01325	CDS	513	rimM			Ribosome maturation factor RimM
JEPDNJAG_01326	CDS	825	trmD	2.1.1.228		tRNA (guanine-N(1)-)-methyltransferase
JEPDNJAG_01327	CDS	825				hypothetical protein
JEPDNJAG_01328	CDS	684				hypothetical protein
JEPDNJAG_01329	CDS	984		3.5.1.-		Carbohydrate deacetylase
JEPDNJAG_01330	CDS	561				hypothetical protein
JEPDNJAG_01331	CDS	729				hypothetical protein
JEPDNJAG_01332	CDS	279				hypothetical protein
JEPDNJAG_01333	CDS	1692				hypothetical protein
JEPDNJAG_01334	CDS	537				hypothetical protein
JEPDNJAG_01335	CDS	330				hypothetical protein
JEPDNJAG_01336	CDS	288				hypothetical protein
JEPDNJAG_01337	CDS	1728	phoV	3.1.3.1		Alkaline phosphatase PhoV
JEPDNJAG_01338	CDS	1218	resA_3			Thiol-disulfide oxidoreductase ResA
JEPDNJAG_01339	CDS	933				hypothetical protein
JEPDNJAG_01340	CDS	273				hypothetical protein
JEPDNJAG_01341	CDS	675				hypothetical protein
JEPDNJAG_01342	CDS	228				hypothetical protein
JEPDNJAG_01343	CDS	831	htpX	3.4.24.-		Protease HtpX
JEPDNJAG_01344	CDS	2238	der_1			GTPase Der
JEPDNJAG_01345	CDS	336				hypothetical protein
JEPDNJAG_01346	CDS	576	spsB_2	3.4.21.89		Signal peptidase IB
JEPDNJAG_01347	CDS	516	bioC	2.1.1.197		Malonyl-[acyl-carrier protein] O-methyltransferase
JEPDNJAG_01348	CDS	639	dnaN			Beta sliding clamp
JEPDNJAG_01349	CDS	795				hypothetical protein
JEPDNJAG_01350	CDS	711	gph	3.1.3.18		Phosphoglycolate phosphatase
JEPDNJAG_01351	CDS	465				hypothetical protein
JEPDNJAG_01352	CDS	747				hypothetical protein
JEPDNJAG_01353	CDS	588				hypothetical protein
JEPDNJAG_01354	CDS	948				hypothetical protein
JEPDNJAG_01355	CDS	1131				ISL3 family transposase ISAzs8
JEPDNJAG_01356	CDS	1521				hypothetical protein
JEPDNJAG_01357	CDS	1011				hypothetical protein
JEPDNJAG_01358	CDS	1263				hypothetical protein
JEPDNJAG_01359	CDS	690				hypothetical protein
JEPDNJAG_01360	CDS	1017				hypothetical protein
JEPDNJAG_01361	CDS	318				hypothetical protein
JEPDNJAG_01362	CDS	294				hypothetical protein
JEPDNJAG_01363	CDS	843				hypothetical protein
JEPDNJAG_01364	CDS	1416				hypothetical protein
JEPDNJAG_01365	CDS	1230		3.4.24.-	COG0612	putative zinc protease
JEPDNJAG_01366	CDS	1242		3.4.24.-	COG0612	putative zinc protease
JEPDNJAG_01367	CDS	618	relA	2.7.6.5		GTP pyrophosphokinase
JEPDNJAG_01368	CDS	165				hypothetical protein
JEPDNJAG_01369	CDS	1383				hypothetical protein
JEPDNJAG_01370	CDS	1119				hypothetical protein
JEPDNJAG_01371	CDS	3672	vgb_2	4.2.99.-		Virginiamycin B lyase
JEPDNJAG_01372	CDS	204				hypothetical protein
JEPDNJAG_01373	CDS	1026	ycjS_2	1.1.1.-	COG0673	D-glucoside 3-dehydrogenase
JEPDNJAG_01374	CDS	465	rimI_1	2.3.1.266		[Ribosomal protein bS18]-alanine N-acetyltransferase
JEPDNJAG_01375	CDS	756				hypothetical protein
JEPDNJAG_01376	CDS	846				hypothetical protein
JEPDNJAG_01377	CDS	321	osmY		COG2823	Osmotically-inducible protein Y
JEPDNJAG_01378	CDS	600		3.1.6.-	COG3119	N-acetylglucosamine-6-O-sulfatase
JEPDNJAG_01379	CDS	879				hypothetical protein
JEPDNJAG_01380	CDS	204	cspL		COG1278	Cold shock protein 2
JEPDNJAG_01381	CDS	1002				hypothetical protein
JEPDNJAG_01382	CDS	1530				hypothetical protein
JEPDNJAG_01383	CDS	213	sta	2.3.-.-		Streptothricin acetyltransferase
JEPDNJAG_01384	CDS	1014				hypothetical protein
JEPDNJAG_01385	CDS	276				hypothetical protein
JEPDNJAG_01386	CDS	897	fliA			RNA polymerase sigma factor FliA
JEPDNJAG_01387	CDS	324				hypothetical protein
JEPDNJAG_01388	CDS	972	accA	2.1.3.15		Acetyl-coenzyme A carboxylase carboxyl transferase subunit alpha
JEPDNJAG_01389	CDS	888	accD_1	2.1.3.15	COG0777	Acetyl-coenzyme A carboxylase carboxyl transferase subunit beta
JEPDNJAG_01390	CDS	1086	pheA		COG0077	Bifunctional chorismate mutase/prephenate dehydratase
JEPDNJAG_01391	CDS	351				hypothetical protein
JEPDNJAG_01392	CDS	1560				hypothetical protein
JEPDNJAG_01393	CDS	1005		1.-.-.-	COG0673	Oxidoreductase P35
JEPDNJAG_01394	CDS	210				hypothetical protein
JEPDNJAG_01395	CDS	2160				hypothetical protein
JEPDNJAG_01396	CDS	924				hypothetical protein
JEPDNJAG_01397	CDS	102				hypothetical protein
JEPDNJAG_01398	CDS	507				hypothetical protein
JEPDNJAG_01399	CDS	891				hypothetical protein
JEPDNJAG_01400	CDS	1671				hypothetical protein
JEPDNJAG_01401	CDS	714				hypothetical protein
JEPDNJAG_01402	CDS	252				hypothetical protein
JEPDNJAG_01403	CDS	462				hypothetical protein
JEPDNJAG_01404	tRNA	73				tRNA-His(gtg)
JEPDNJAG_01405	CDS	720				hypothetical protein
JEPDNJAG_01406	CDS	1311				MEMO1 family protein <locus_tag>
JEPDNJAG_01407	CDS	708				hypothetical protein
JEPDNJAG_01408	CDS	1020	iolG_11	1.1.1.369		Inositol 2-dehydrogenase/D-chiro-inositol 3-dehydrogenase
JEPDNJAG_01409	CDS	1290				hypothetical protein
JEPDNJAG_01410	CDS	1866	rcsC_13	2.7.13.3		Sensor histidine kinase RcsC
JEPDNJAG_01411	CDS	570				hypothetical protein
JEPDNJAG_01412	CDS	252				hypothetical protein
JEPDNJAG_01413	CDS	147				hypothetical protein
JEPDNJAG_01414	CDS	2079	cstA		COG1966	Peptide transporter CstA
JEPDNJAG_01415	CDS	351				hypothetical protein
JEPDNJAG_01416	CDS	1323				hypothetical protein
JEPDNJAG_01417	CDS	1245				hypothetical protein
JEPDNJAG_01418	CDS	258				hypothetical protein
JEPDNJAG_01419	CDS	888				hypothetical protein
JEPDNJAG_01420	CDS	321				hypothetical protein
JEPDNJAG_01421	CDS	282				hypothetical protein
JEPDNJAG_01422	CDS	210				hypothetical protein
JEPDNJAG_01423	CDS	699				hypothetical protein
JEPDNJAG_01424	CDS	651				hypothetical protein
JEPDNJAG_01425	CDS	939				hypothetical protein
JEPDNJAG_01426	CDS	1704	sctC_1			Type 3 secretion system secretin
JEPDNJAG_01427	CDS	597	aroK	2.7.1.71		Shikimate kinase
JEPDNJAG_01428	CDS	849				hypothetical protein
JEPDNJAG_01429	CDS	642	ywlC	2.7.7.87	COG0009	Threonylcarbamoyl-AMP synthase
JEPDNJAG_01430	CDS	1062	prmC_2	2.1.1.297		Release factor glutamine methyltransferase
JEPDNJAG_01431	CDS	483	prfA		COG0216	Peptide chain release factor 1
JEPDNJAG_01432	CDS	1197				hypothetical protein
JEPDNJAG_01433	CDS	603				hypothetical protein
JEPDNJAG_01434	CDS	1308				hypothetical protein
JEPDNJAG_01435	CDS	843	soxA	1.5.3.1		Monomeric sarcosine oxidase
JEPDNJAG_01436	CDS	396				hypothetical protein
JEPDNJAG_01437	CDS	213				hypothetical protein
JEPDNJAG_01438	CDS	450				hypothetical protein
JEPDNJAG_01439	CDS	576	rcsC_14	2.7.13.3		Sensor histidine kinase RcsC
JEPDNJAG_01440	CDS	1515	barA_1	2.7.13.3	COG2205	Signal transduction histidine-protein kinase BarA
JEPDNJAG_01441	CDS	258				hypothetical protein
JEPDNJAG_01442	CDS	456				hypothetical protein
JEPDNJAG_01443	CDS	888				hypothetical protein
JEPDNJAG_01444	CDS	981	egtD	2.1.1.44	COG4301	Histidine N-alpha-methyltransferase
JEPDNJAG_01445	CDS	174				hypothetical protein
JEPDNJAG_01446	CDS	228				hypothetical protein
JEPDNJAG_01447	CDS	339	glnB_1		COG0347	Nitrogen regulatory protein P-II
JEPDNJAG_01448	CDS	1302				hypothetical protein
JEPDNJAG_01449	CDS	1458				hypothetical protein
JEPDNJAG_01450	CDS	1002				hypothetical protein
JEPDNJAG_01451	CDS	441				hypothetical protein
JEPDNJAG_01452	CDS	2862				hypothetical protein
JEPDNJAG_01453	CDS	291				hypothetical protein
JEPDNJAG_01454	CDS	387				hypothetical protein
JEPDNJAG_01455	CDS	1131	lacF_2			Lactose transport system permease protein LacF
JEPDNJAG_01456	CDS	231				hypothetical protein
JEPDNJAG_01457	CDS	111				hypothetical protein
JEPDNJAG_01458	CDS	252	sigF		COG1191	RNA polymerase sigma factor SigF
JEPDNJAG_01459	CDS	1119				hypothetical protein
JEPDNJAG_01460	CDS	663	murB	1.3.1.98	COG0812	UDP-N-acetylenolpyruvoylglucosamine reductase
JEPDNJAG_01461	CDS	339				hypothetical protein
JEPDNJAG_01462	CDS	444	resA_4			Thiol-disulfide oxidoreductase ResA
JEPDNJAG_01463	CDS	888	oatA	2.3.1.-	COG1835	Peptidoglycan O-acetyltransferase OatA
JEPDNJAG_01464	CDS	924				hypothetical protein
JEPDNJAG_01465	CDS	2721				hypothetical protein
JEPDNJAG_01466	CDS	1374				hypothetical protein
JEPDNJAG_01467	CDS	924				hypothetical protein
JEPDNJAG_01468	CDS	369	rutD	3.5.1.-		Putative carbamate hydrolase RutD
JEPDNJAG_01469	CDS	405				hypothetical protein
JEPDNJAG_01470	CDS	1491	sauT	6.2.1.-	COG0318	Sulfoacetate--CoA ligase
JEPDNJAG_01471	CDS	1113				hypothetical protein
JEPDNJAG_01472	CDS	993				hypothetical protein
JEPDNJAG_01473	CDS	477				hypothetical protein
JEPDNJAG_01474	CDS	705				hypothetical protein
JEPDNJAG_01475	CDS	894				hypothetical protein
JEPDNJAG_01476	CDS	993				hypothetical protein
JEPDNJAG_01477	CDS	828	deoB	5.4.2.7		Phosphopentomutase
JEPDNJAG_01478	CDS	552	rimI_2	2.3.1.266		[Ribosomal protein bS18]-alanine N-acetyltransferase
JEPDNJAG_01479	CDS	177				hypothetical protein
JEPDNJAG_01480	CDS	1050				hypothetical protein
JEPDNJAG_01481	CDS	417				hypothetical protein
JEPDNJAG_01482	CDS	1029				hypothetical protein
JEPDNJAG_01483	CDS	1845				hypothetical protein
JEPDNJAG_01484	CDS	282				hypothetical protein
JEPDNJAG_01485	CDS	411				hypothetical protein
JEPDNJAG_01486	CDS	897				hypothetical protein
JEPDNJAG_01487	CDS	960				hypothetical protein
JEPDNJAG_01488	CDS	348		4.2.1.96		Putative pterin-4-alpha-carbinolamine dehydratase
JEPDNJAG_01489	CDS	951				hypothetical protein
JEPDNJAG_01490	CDS	372	infC			Translation initiation factor IF-3
JEPDNJAG_01491	CDS	279				hypothetical protein
JEPDNJAG_01492	CDS	918				hypothetical protein
JEPDNJAG_01493	CDS	117				hypothetical protein
JEPDNJAG_01494	CDS	291				hypothetical protein
JEPDNJAG_01495	CDS	216				hypothetical protein
JEPDNJAG_01496	CDS	1134	icmF		COG1703	Fused isobutyryl-CoA mutase
JEPDNJAG_01497	CDS	138				hypothetical protein
JEPDNJAG_01498	CDS	561				hypothetical protein
JEPDNJAG_01499	CDS	615				hypothetical protein
JEPDNJAG_01500	CDS	1080				hypothetical protein
JEPDNJAG_01501	CDS	702				hypothetical protein
JEPDNJAG_01502	CDS	741	adeQ		COG2252	Adenine permease AdeQ
JEPDNJAG_01503	CDS	687				hypothetical protein
JEPDNJAG_01504	CDS	1314				hypothetical protein
JEPDNJAG_01505	CDS	762	lacI_2		COG1609	Lactose operon repressor
JEPDNJAG_01506	CDS	255				hypothetical protein
JEPDNJAG_01507	CDS	351	yngG	4.1.3.4	COG0119	Hydroxymethylglutaryl-CoA lyase YngG
JEPDNJAG_01508	CDS	624				hypothetical protein
JEPDNJAG_01509	CDS	834	chnA	1.1.1.245		Cyclohexanol dehydrogenase
JEPDNJAG_01510	CDS	495	yajQ		COG1666	Nucleotide-binding protein YajQ
JEPDNJAG_01511	CDS	2103				hypothetical protein
JEPDNJAG_01512	CDS	384				hypothetical protein
JEPDNJAG_01513	CDS	1548				hypothetical protein
JEPDNJAG_01514	tRNA	73				tRNA-Ala(cgc)
JEPDNJAG_01515	CDS	345				hypothetical protein
JEPDNJAG_01516	CDS	345				hypothetical protein
JEPDNJAG_01517	CDS	987	galT	2.7.7.12	COG1085	Galactose-1-phosphate uridylyltransferase
JEPDNJAG_01518	CDS	339				hypothetical protein
JEPDNJAG_01519	CDS	198				hypothetical protein
JEPDNJAG_01520	CDS	897				hypothetical protein
JEPDNJAG_01521	CDS	888				hypothetical protein
JEPDNJAG_01522	CDS	807				hypothetical protein
JEPDNJAG_01523	CDS	1008	iolG_12	1.1.1.369		Inositol 2-dehydrogenase/D-chiro-inositol 3-dehydrogenase
JEPDNJAG_01524	CDS	114				hypothetical protein
JEPDNJAG_01525	CDS	507				hypothetical protein
JEPDNJAG_01526	CDS	1143	nedA	3.2.1.18		Sialidase
JEPDNJAG_01527	CDS	819				hypothetical protein
JEPDNJAG_01528	CDS	258				hypothetical protein
JEPDNJAG_01529	CDS	264				hypothetical protein
JEPDNJAG_01530	CDS	762	prsA4	5.2.1.8		Foldase protein PrsA 4
JEPDNJAG_01531	CDS	243				hypothetical protein
JEPDNJAG_01532	CDS	627				hypothetical protein
JEPDNJAG_01533	CDS	225				hypothetical protein
JEPDNJAG_01534	CDS	246				hypothetical protein
JEPDNJAG_01535	CDS	540	def1	3.5.1.88	COG0242	Peptide deformylase 1
JEPDNJAG_01536	CDS	969	fmt	2.1.2.9	COG0223	Methionyl-tRNA formyltransferase
JEPDNJAG_01537	CDS	414				hypothetical protein
JEPDNJAG_01538	CDS	1374				hypothetical protein
JEPDNJAG_01539	CDS	672				hypothetical protein
JEPDNJAG_01540	CDS	345				hypothetical protein
JEPDNJAG_01541	CDS	213				hypothetical protein
JEPDNJAG_01542	CDS	1815	lepA	3.6.5.-	COG0481	Elongation factor 4
JEPDNJAG_01543	CDS	645				hypothetical protein
JEPDNJAG_01544	CDS	156				hypothetical protein
JEPDNJAG_01545	CDS	714				hypothetical protein
JEPDNJAG_01546	CDS	459				hypothetical protein
JEPDNJAG_01547	CDS	444	nnr		COG0062	Bifunctional NAD(P)H-hydrate repair enzyme Nnr
JEPDNJAG_01548	CDS	531				hypothetical protein
JEPDNJAG_01549	CDS	126				hypothetical protein
JEPDNJAG_01550	CDS	156				hypothetical protein
JEPDNJAG_01551	CDS	795				hypothetical protein
JEPDNJAG_01552	CDS	210				hypothetical protein
JEPDNJAG_01553	CDS	630				hypothetical protein
JEPDNJAG_01554	CDS	822				hypothetical protein
JEPDNJAG_01555	CDS	3393				hypothetical protein
JEPDNJAG_01556	tRNA	75				tRNA-Pro(ggg)
JEPDNJAG_01557	CDS	783				hypothetical protein
JEPDNJAG_01558	CDS	399	leuD	4.2.1.33	COG0066	3-isopropylmalate dehydratase small subunit
JEPDNJAG_01559	CDS	1281				hypothetical protein
JEPDNJAG_01560	CDS	2523				hypothetical protein
JEPDNJAG_01561	CDS	363				hypothetical protein
JEPDNJAG_01562	CDS	552				hypothetical protein
JEPDNJAG_01563	CDS	789				hypothetical protein
JEPDNJAG_01564	CDS	297				hypothetical protein
JEPDNJAG_01565	CDS	831				hypothetical protein
JEPDNJAG_01566	CDS	318				hypothetical protein
JEPDNJAG_01567	CDS	675				hypothetical protein
JEPDNJAG_01568	CDS	1221	msrP_2	1.8.5.-		Protein-methionine-sulfoxide reductase catalytic subunit MsrP
JEPDNJAG_01569	CDS	1011				hypothetical protein
JEPDNJAG_01570	CDS	456				hypothetical protein
JEPDNJAG_01571	CDS	774	bacC_2	1.1.1.385		Dihydroanticapsin 7-dehydrogenase
JEPDNJAG_01572	CDS	357				hypothetical protein
JEPDNJAG_01573	CDS	483	nusB		COG0781	Transcription antitermination protein NusB
JEPDNJAG_01574	CDS	258	accC_1	6.3.4.14		Biotin carboxylase
JEPDNJAG_01575	CDS	1116		1.1.1.407	COG1063	D-altritol 5-dehydrogenase
JEPDNJAG_01576	CDS	1566				hypothetical protein
JEPDNJAG_01577	CDS	732	tmk	2.7.4.9	COG0125	Thymidylate kinase
JEPDNJAG_01578	CDS	330	darA		COG3870	Cyclic di-AMP receptor A
JEPDNJAG_01579	CDS	1833				hypothetical protein
JEPDNJAG_01580	CDS	1101				hypothetical protein
JEPDNJAG_01581	CDS	1374				hypothetical protein
JEPDNJAG_01582	CDS	240				hypothetical protein
JEPDNJAG_01583	CDS	1017	pva	3.5.1.11	COG3049	Penicillin V acylase
JEPDNJAG_01584	CDS	1191	gltD	1.4.1.13	COG0493	Glutamate synthase [NADPH] small chain
JEPDNJAG_01585	CDS	195				hypothetical protein
JEPDNJAG_01586	CDS	1221	ftsA		COG0849	Cell division protein FtsA
JEPDNJAG_01587	CDS	939				hypothetical protein
JEPDNJAG_01588	CDS	246				hypothetical protein
JEPDNJAG_01589	CDS	471				hypothetical protein
JEPDNJAG_01590	CDS	468				hypothetical protein
JEPDNJAG_01591	CDS	414				hypothetical protein
JEPDNJAG_01592	CDS	261				hypothetical protein
JEPDNJAG_01593	tRNA	90				tRNA-Ser(gct)
JEPDNJAG_01594	CDS	1038	lsrB		COG1879	Autoinducer 2-binding protein LsrB
JEPDNJAG_01595	CDS	243				Antitoxin VapB33
JEPDNJAG_01596	CDS	351				hypothetical protein
JEPDNJAG_01597	CDS	1392				hypothetical protein
JEPDNJAG_01598	CDS	447				hypothetical protein
JEPDNJAG_01599	CDS	258				hypothetical protein
JEPDNJAG_01600	CDS	735				hypothetical protein
JEPDNJAG_01601	CDS	1416	leuC	4.2.1.33	COG0065	3-isopropylmalate dehydratase large subunit
JEPDNJAG_01602	CDS	129				hypothetical protein
JEPDNJAG_01603	CDS	312				hypothetical protein
JEPDNJAG_01604	CDS	1050	iolG_13	1.1.1.18	COG0673	Myo-inositol 2-dehydrogenase
JEPDNJAG_01605	CDS	735				hypothetical protein
JEPDNJAG_01606	CDS	1308			COG3119	Bifunctional sulfatase/alpha-L-rhamnosidase
JEPDNJAG_01607	CDS	738				hypothetical protein
JEPDNJAG_01608	tRNA	76				tRNA-Pro(cgg)
JEPDNJAG_01609	CDS	924	gtfB	2.4.1.310		Vancomycin aglycone glucosyltransferase
JEPDNJAG_01610	CDS	876	prmA_1	2.1.1.-	COG2264	Ribosomal protein L11 methyltransferase
JEPDNJAG_01611	CDS	723	rsmE	2.1.1.193	COG1385	Ribosomal RNA small subunit methyltransferase E
JEPDNJAG_01612	CDS	555	maa	2.3.1.79	COG0110	Maltose O-acetyltransferase
JEPDNJAG_01613	CDS	288				hypothetical protein
JEPDNJAG_01614	CDS	675				hypothetical protein
JEPDNJAG_01615	CDS	636				hypothetical protein
JEPDNJAG_01616	CDS	1035	xecA1	4.4.1.23	COG0620	2-hydroxypropyl-CoM lyase
JEPDNJAG_01617	CDS	219				hypothetical protein
JEPDNJAG_01618	CDS	618				hypothetical protein
JEPDNJAG_01619	CDS	522				hypothetical protein
JEPDNJAG_01620	CDS	1032	hcaB_1	1.3.1.87		3-phenylpropionate-dihydrodiol/cinnamic acid-dihydrodiol dehydrogenase
JEPDNJAG_01621	CDS	399				hypothetical protein
JEPDNJAG_01622	CDS	339				hypothetical protein
JEPDNJAG_01623	CDS	603				hypothetical protein
JEPDNJAG_01624	CDS	570				hypothetical protein
JEPDNJAG_01625	CDS	417				hypothetical protein
JEPDNJAG_01626	CDS	252				hypothetical protein
JEPDNJAG_01627	CDS	1155				hypothetical protein
JEPDNJAG_01628	CDS	270				hypothetical protein
JEPDNJAG_01629	CDS	108				hypothetical protein
JEPDNJAG_01630	CDS	912		5.1.3.31		D-tagatose 3-epimerase
JEPDNJAG_01631	CDS	498				hypothetical protein
JEPDNJAG_01632	CDS	702	cynT	4.2.1.1	COG0288	Carbonic anhydrase 1
JEPDNJAG_01633	CDS	960	tdcB	4.3.1.19		L-threonine dehydratase catabolic TdcB
JEPDNJAG_01634	CDS	252				hypothetical protein
JEPDNJAG_01635	CDS	483				hypothetical protein
JEPDNJAG_01636	CDS	300				hypothetical protein
JEPDNJAG_01637	CDS	447				hypothetical protein
JEPDNJAG_01638	CDS	999				hypothetical protein
JEPDNJAG_01639	CDS	1221				hypothetical protein
JEPDNJAG_01640	CDS	351				hypothetical protein
JEPDNJAG_01641	CDS	801				hypothetical protein
JEPDNJAG_01642	CDS	408				hypothetical protein
JEPDNJAG_01643	CDS	417	tolB_4		COG0823	Tol-Pal system protein TolB
JEPDNJAG_01644	CDS	162				hypothetical protein
JEPDNJAG_01645	CDS	744				hypothetical protein
JEPDNJAG_01646	CDS	270				hypothetical protein
JEPDNJAG_01647	CDS	339				hypothetical protein
JEPDNJAG_01648	CDS	1431				hypothetical protein
JEPDNJAG_01649	CDS	1686				hypothetical protein
JEPDNJAG_01650	CDS	306				hypothetical protein
JEPDNJAG_01651	CDS	198				hypothetical protein
JEPDNJAG_01652	CDS	315				hypothetical protein
JEPDNJAG_01653	CDS	936				hypothetical protein
JEPDNJAG_01654	CDS	723				hypothetical protein
JEPDNJAG_01655	CDS	1611				hypothetical protein
JEPDNJAG_01656	CDS	1428				hypothetical protein
JEPDNJAG_01657	CDS	384	efp		COG0231	Elongation factor P
JEPDNJAG_01658	CDS	426				hypothetical protein
JEPDNJAG_01659	CDS	402				hypothetical protein
JEPDNJAG_01660	CDS	696	walR_2		COG0745	Transcriptional regulatory protein WalR
JEPDNJAG_01661	CDS	972				hypothetical protein
JEPDNJAG_01662	CDS	348				hypothetical protein
JEPDNJAG_01663	CDS	1287			COG1228	putative protein
JEPDNJAG_01664	CDS	822				hypothetical protein
JEPDNJAG_01665	CDS	954		1.5.1.49		Delta(1)-pyrroline-2-carboxylate reductase
JEPDNJAG_01666	CDS	264	gsiB_2		COG3729	Glucose starvation-inducible protein B
JEPDNJAG_01667	CDS	657	comFC		COG1040	Competence protein ComFC
JEPDNJAG_01668	CDS	510				hypothetical protein
JEPDNJAG_01669	CDS	2016				hypothetical protein
JEPDNJAG_01670	CDS	648				hypothetical protein
JEPDNJAG_01671	CDS	837				hypothetical protein
JEPDNJAG_01672	CDS	153				hypothetical protein
JEPDNJAG_01673	CDS	378				hypothetical protein
JEPDNJAG_01674	tRNA	72				tRNA-Gly(tcc)
JEPDNJAG_01675	CDS	726		3.2.1.218	COG2152	3-keto-disaccharide hydrolase
JEPDNJAG_01676	CDS	1059	waaQ_1	2.4.99.25	COG0859	Lipopolysaccharide heptosyltransferase 3
JEPDNJAG_01677	CDS	957	lpxL_2	2.3.1.241	COG1560	Lipid A biosynthesis lauroyltransferase
JEPDNJAG_01678	CDS	201				hypothetical protein
JEPDNJAG_01679	CDS	486	resE	2.7.13.3	COG5002	Sensor histidine kinase ResE
JEPDNJAG_01680	CDS	759	hcaB_2	1.3.1.87		3-phenylpropionate-dihydrodiol/cinnamic acid-dihydrodiol dehydrogenase
JEPDNJAG_01681	CDS	1344				hypothetical protein
JEPDNJAG_01682	CDS	318				hypothetical protein
JEPDNJAG_01683	CDS	303				hypothetical protein
JEPDNJAG_01684	CDS	1029				hypothetical protein
JEPDNJAG_01685	CDS	1389				hypothetical protein
JEPDNJAG_01686	CDS	444				hypothetical protein
JEPDNJAG_01687	CDS	219				hypothetical protein
JEPDNJAG_01688	CDS	759				hypothetical protein
JEPDNJAG_01689	CDS	756	kynB_2	3.5.1.9		Kynurenine formamidase
JEPDNJAG_01690	CDS	774				hypothetical protein
JEPDNJAG_01691	CDS	105				hypothetical protein
JEPDNJAG_01692	CDS	342	hiuH	3.5.2.17	COG2351	5-hydroxyisourate hydrolase
JEPDNJAG_01693	CDS	1509				hypothetical protein
JEPDNJAG_01694	CDS	777				hypothetical protein
JEPDNJAG_01695	CDS	144				hypothetical protein
JEPDNJAG_01696	CDS	264				hypothetical protein
JEPDNJAG_01697	CDS	402				hypothetical protein
JEPDNJAG_01698	CDS	1041				hypothetical protein
JEPDNJAG_01699	CDS	786				hypothetical protein
JEPDNJAG_01700	CDS	309				hypothetical protein
JEPDNJAG_01701	CDS	741				hypothetical protein
JEPDNJAG_01702	CDS	147				hypothetical protein
JEPDNJAG_01703	CDS	180				hypothetical protein
JEPDNJAG_01704	CDS	1002				hypothetical protein
JEPDNJAG_01705	CDS	744				hypothetical protein
JEPDNJAG_01706	CDS	318				hypothetical protein
JEPDNJAG_01707	CDS	957				hypothetical protein
JEPDNJAG_01708	CDS	867	larE	4.4.1.37	COG1606	Pyridinium-3,5-bisthiocarboxylic acid mononucleotide synthase
JEPDNJAG_01709	CDS	561	purD	6.3.4.13	COG0151	Phosphoribosylamine--glycine ligase
JEPDNJAG_01710	CDS	1017	purB	4.3.2.2	COG0015	Adenylosuccinate lyase
JEPDNJAG_01711	CDS	120				hypothetical protein
JEPDNJAG_01712	CDS	333				hypothetical protein
JEPDNJAG_01713	CDS	1842				hypothetical protein
JEPDNJAG_01714	CDS	480	rsxB	7.-.-.-		Ion-translocating oxidoreductase complex subunit B
JEPDNJAG_01715	CDS	876				hypothetical protein
JEPDNJAG_01716	CDS	249				hypothetical protein
JEPDNJAG_01717	CDS	3309				hypothetical protein
JEPDNJAG_01718	CDS	693				hypothetical protein
JEPDNJAG_01719	CDS	219				hypothetical protein
JEPDNJAG_01720	CDS	300				hypothetical protein
JEPDNJAG_01721	CDS	570				hypothetical protein
JEPDNJAG_01722	CDS	1323	rhlE	3.6.4.13	COG0513	ATP-dependent RNA helicase RhlE
JEPDNJAG_01723	CDS	714				hypothetical protein
JEPDNJAG_01724	CDS	189				hypothetical protein
JEPDNJAG_01725	CDS	519				hypothetical protein
JEPDNJAG_01726	CDS	555				hypothetical protein
JEPDNJAG_01727	tRNA	72				tRNA-Val(cac)
JEPDNJAG_01728	CDS	828				hypothetical protein
JEPDNJAG_01729	CDS	1608				hypothetical protein
JEPDNJAG_01730	CDS	1410	atsA_3	3.1.6.1		Arylsulfatase
JEPDNJAG_01731	CDS	426				hypothetical protein
JEPDNJAG_01732	CDS	375				hypothetical protein
JEPDNJAG_01733	CDS	1413	plcN	3.1.4.3	COG3511	Non-hemolytic phospholipase C
JEPDNJAG_01734	CDS	318				hypothetical protein
JEPDNJAG_01735	CDS	672				hypothetical protein
JEPDNJAG_01736	CDS	306				hypothetical protein
JEPDNJAG_01737	CDS	240				hypothetical protein
JEPDNJAG_01738	CDS	324				hypothetical protein
JEPDNJAG_01739	CDS	297				hypothetical protein
JEPDNJAG_01740	CDS	1152	iolG_14	1.1.1.369		Inositol 2-dehydrogenase/D-chiro-inositol 3-dehydrogenase
JEPDNJAG_01741	CDS	1083				hypothetical protein
JEPDNJAG_01742	CDS	1587				hypothetical protein
JEPDNJAG_01743	CDS	1107				hypothetical protein
JEPDNJAG_01744	CDS	384				hypothetical protein
JEPDNJAG_01745	CDS	1143				hypothetical protein
JEPDNJAG_01746	CDS	1527				hypothetical protein
JEPDNJAG_01747	CDS	2610	tolB_5			Tol-Pal system protein TolB
JEPDNJAG_01748	CDS	390				hypothetical protein
JEPDNJAG_01749	CDS	225				hypothetical protein
JEPDNJAG_01750	CDS	774				Deoxyguanosinetriphosphate triphosphohydrolase-like protein
JEPDNJAG_01751	CDS	267				hypothetical protein
JEPDNJAG_01752	CDS	1350				hypothetical protein
JEPDNJAG_01753	CDS	819			COG2226	putative protein
JEPDNJAG_01754	CDS	510				hypothetical protein
JEPDNJAG_01755	CDS	993				hypothetical protein
JEPDNJAG_01756	CDS	405				hypothetical protein
JEPDNJAG_01757	CDS	327				hypothetical protein
JEPDNJAG_01758	CDS	1305	murAA	2.5.1.7	COG0766	UDP-N-acetylglucosamine 1-carboxyvinyltransferase 1
JEPDNJAG_01759	CDS	1008	cuyA	4.4.1.25	COG2515	L-cysteate sulfo-lyase
JEPDNJAG_01760	CDS	405	phoP_2		COG0745	Alkaline phosphatase synthesis transcriptional regulatory protein PhoP
JEPDNJAG_01761	CDS	372	walR_3		COG0745	Transcriptional regulatory protein WalR
JEPDNJAG_01762	CDS	993	mshA_1	2.4.1.250		D-inositol-3-phosphate glycosyltransferase
JEPDNJAG_01763	CDS	438		3.1.2.28		1,4-dihydroxy-2-naphthoyl-CoA hydrolase
JEPDNJAG_01764	CDS	678				hypothetical protein
JEPDNJAG_01765	CDS	579				hypothetical protein
JEPDNJAG_01766	CDS	663				hypothetical protein
JEPDNJAG_01767	CDS	474	sigA		COG0568	RNA polymerase sigma factor SigA
JEPDNJAG_01768	CDS	597				hypothetical protein
JEPDNJAG_01769	CDS	339	ypdF	3.4.11.-	COG0006	Aminopeptidase YpdF
JEPDNJAG_01770	CDS	1335				hypothetical protein
JEPDNJAG_01771	CDS	726				hypothetical protein
JEPDNJAG_01772	CDS	453				hypothetical protein
JEPDNJAG_01773	CDS	777				hypothetical protein
JEPDNJAG_01774	CDS	354				hypothetical protein
JEPDNJAG_01775	CDS	747				hypothetical protein
JEPDNJAG_01776	CDS	669				hypothetical protein
JEPDNJAG_01777	CDS	303				hypothetical protein
JEPDNJAG_01778	CDS	1146	ftsH_3	3.4.24.-		ATP-dependent zinc metalloprotease FtsH
JEPDNJAG_01779	CDS	684				hypothetical protein
JEPDNJAG_01780	CDS	1110	bhcC	4.1.3.41	COG3616	3-hydroxy-D-aspartate aldolase
JEPDNJAG_01781	CDS	336				hypothetical protein
JEPDNJAG_01782	CDS	957				hypothetical protein
JEPDNJAG_01783	CDS	1197	ftsZ		COG0206	Cell division protein FtsZ
JEPDNJAG_01784	CDS	1407				hypothetical protein
JEPDNJAG_01785	CDS	1854				hypothetical protein
JEPDNJAG_01786	CDS	1041	hdaH	3.5.1.-		Histone deacetylase-like amidohydrolase
JEPDNJAG_01787	CDS	678	rssB_2			Regulator of RpoS
JEPDNJAG_01788	CDS	231				hypothetical protein
JEPDNJAG_01789	CDS	696	hom	1.1.1.3	COG0460	Homoserine dehydrogenase
JEPDNJAG_01790	CDS	870	purC	6.3.2.6	COG0152	Phosphoribosylaminoimidazole-succinocarboxamide synthase
JEPDNJAG_01791	CDS	1200				hypothetical protein
JEPDNJAG_01792	CDS	1572	tilS	6.3.4.19	COG0037	tRNA(Ile)-lysidine synthase
JEPDNJAG_01793	CDS	774	mftE	3.4.14.14	COG1402	Mycofactocin precursor peptide peptidase
JEPDNJAG_01794	CDS	1389	dapE_2	3.5.1.18		putative succinyl-diaminopimelate desuccinylase
JEPDNJAG_01795	CDS	1068	btuD_4	7.6.2.8		Vitamin B12 import ATP-binding protein BtuD
JEPDNJAG_01796	CDS	429				hypothetical protein
JEPDNJAG_01797	CDS	1353				hypothetical protein
JEPDNJAG_01798	CDS	243				hypothetical protein
JEPDNJAG_01799	CDS	144				hypothetical protein
JEPDNJAG_01800	CDS	246				hypothetical protein
JEPDNJAG_01801	CDS	762				hypothetical protein
JEPDNJAG_01802	CDS	1017		1.17.1.9		Formate dehydrogenase, mitochondrial
JEPDNJAG_01803	CDS	786				hypothetical protein
JEPDNJAG_01804	CDS	336				hypothetical protein
JEPDNJAG_01805	CDS	984	cysK	2.5.1.47		Cysteine synthase
JEPDNJAG_01806	CDS	834	lysN	2.6.1.39	COG1167	2-aminoadipate transaminase
JEPDNJAG_01807	CDS	855				hypothetical protein
JEPDNJAG_01808	CDS	831				hypothetical protein
JEPDNJAG_01809	tRNA	73				tRNA-Ala(ggc)
JEPDNJAG_01810	CDS	570				hypothetical protein
JEPDNJAG_01811	CDS	1068	pilT			Type IV pilus retractation ATPase PilT
JEPDNJAG_01812	CDS	1008				hypothetical protein
JEPDNJAG_01813	CDS	462				hypothetical protein
JEPDNJAG_01814	CDS	1620				hypothetical protein
JEPDNJAG_01815	CDS	978				hypothetical protein
JEPDNJAG_01816	CDS	861				hypothetical protein
JEPDNJAG_01817	CDS	414				hypothetical protein
JEPDNJAG_01818	CDS	1275				hypothetical protein
JEPDNJAG_01819	CDS	720	UgpQ_1	3.1.4.46	COG0584	Glycerophosphodiester phosphodiesterase
JEPDNJAG_01820	CDS	783				hypothetical protein
JEPDNJAG_01821	CDS	1128	pfkA2	2.7.1.11	COG0205	ATP-dependent 6-phosphofructokinase 2
JEPDNJAG_01822	CDS	897				hypothetical protein
JEPDNJAG_01823	CDS	888				hypothetical protein
JEPDNJAG_01824	CDS	870				hypothetical protein
JEPDNJAG_01825	CDS	354	ndhC_1	7.1.1.-		NAD(P)H-quinone oxidoreductase subunit 3, chloroplastic
JEPDNJAG_01826	CDS	159	actP	7.2.2.9		Copper-transporting P-type ATPase
JEPDNJAG_01827	CDS	888				hypothetical protein
JEPDNJAG_01828	CDS	1173	citZ	2.3.3.16	COG0372	Citrate synthase 2
JEPDNJAG_01829	CDS	1155	ggtA	7.5.2.-	COG3842	Osmoprotective compounds uptake ATP-binding protein GgtA
JEPDNJAG_01830	CDS	1350	folC	6.3.2.12	COG0285	Dihydrofolate synthase/folylpolyglutamate synthase
JEPDNJAG_01831	CDS	390		1.1.1.301		D-arabitol-phosphate dehydrogenase
JEPDNJAG_01832	CDS	519	yraA	3.2.-.-	COG0693	Putative cysteine protease YraA
JEPDNJAG_01833	CDS	324				hypothetical protein
JEPDNJAG_01834	CDS	333	larC	4.99.1.12	COG1641	Pyridinium-3,5-bisthiocarboxylic acid mononucleotide nickel insertion protein
JEPDNJAG_01835	CDS	1413				hypothetical protein
JEPDNJAG_01836	CDS	1140				hypothetical protein
JEPDNJAG_01837	CDS	225				hypothetical protein
JEPDNJAG_01838	CDS	933	nanA	4.1.3.3	COG0329	N-acetylneuraminate lyase
JEPDNJAG_01839	CDS	303				hypothetical protein
JEPDNJAG_01840	CDS	1137	queG	1.17.99.6	COG1600	Epoxyqueuosine reductase
JEPDNJAG_01841	CDS	774	linX	1.1.1.-	COG1028	2,5-dichloro-2,5-cyclohexadiene-1,4-diol dehydrogenase LinX
JEPDNJAG_01842	CDS	843				hypothetical protein
JEPDNJAG_01843	CDS	126				hypothetical protein
JEPDNJAG_01844	CDS	603				hypothetical protein
JEPDNJAG_01845	CDS	267				hypothetical protein
JEPDNJAG_01846	CDS	780	dtd3	3.1.1.96	COG0084	D-aminoacyl-tRNA deacylase
JEPDNJAG_01847	CDS	480	mshA_2	2.4.1.250	COG0438	D-inositol 3-phosphate glycosyltransferase
JEPDNJAG_01848	CDS	828				hypothetical protein
JEPDNJAG_01849	CDS	426				hypothetical protein
JEPDNJAG_01850	CDS	348				hypothetical protein
JEPDNJAG_01851	CDS	330				hypothetical protein
JEPDNJAG_01852	CDS	156				hypothetical protein
JEPDNJAG_01853	CDS	504				hypothetical protein
JEPDNJAG_01854	CDS	381				hypothetical protein
JEPDNJAG_01855	CDS	606				hypothetical protein
JEPDNJAG_01856	CDS	441				hypothetical protein
JEPDNJAG_01857	CDS	1893	barA_2	2.7.13.3	COG2205	Signal transduction histidine-protein kinase BarA
JEPDNJAG_01858	CDS	501	ggt_2	3.4.19.13	COG0405	Glutathione hydrolase proenzyme
JEPDNJAG_01859	CDS	186				hypothetical protein
JEPDNJAG_01860	CDS	234				hypothetical protein
JEPDNJAG_01861	CDS	291				hypothetical protein
JEPDNJAG_01862	CDS	1023				hypothetical protein
JEPDNJAG_01863	CDS	399				hypothetical protein
JEPDNJAG_01864	CDS	1422	uxaC	5.3.1.12	COG1904	Uronate isomerase
JEPDNJAG_01865	CDS	813	uxuB	1.-.-.-	COG1028	putative oxidoreductase UxuB
JEPDNJAG_01866	CDS	369				hypothetical protein
JEPDNJAG_01867	CDS	1485				hypothetical protein
JEPDNJAG_01868	CDS	528	rcsC_15	2.7.13.3	COG0784	Sensor histidine kinase RcsC
JEPDNJAG_01869	CDS	915				hypothetical protein
JEPDNJAG_01870	CDS	345				hypothetical protein
JEPDNJAG_01871	CDS	399				hypothetical protein
JEPDNJAG_01872	CDS	1299				hypothetical protein
JEPDNJAG_01873	CDS	1074				hypothetical protein
JEPDNJAG_01874	CDS	306				hypothetical protein
JEPDNJAG_01875	CDS	813	xerC_1			Tyrosine recombinase XerC
JEPDNJAG_01876	CDS	165				hypothetical protein
JEPDNJAG_01877	CDS	1605	serA	1.1.1.95	COG0111	D-3-phosphoglycerate dehydrogenase
JEPDNJAG_01878	CDS	1149		2.6.1.51	COG0075	Serine-pyruvate aminotransferase
JEPDNJAG_01879	CDS	729				hypothetical protein
JEPDNJAG_01880	CDS	498				hypothetical protein
JEPDNJAG_01881	CDS	738				hypothetical protein
JEPDNJAG_01882	CDS	570	chdC	1.3.98.5	COG3253	Coproheme decarboxylase
JEPDNJAG_01883	CDS	105				hypothetical protein
JEPDNJAG_01884	CDS	564				hypothetical protein
JEPDNJAG_01885	CDS	2481				hypothetical protein
JEPDNJAG_01886	CDS	723				hypothetical protein
JEPDNJAG_01887	CDS	903				hypothetical protein
JEPDNJAG_01888	CDS	1032				hypothetical protein
JEPDNJAG_01889	CDS	669				hypothetical protein
JEPDNJAG_01890	CDS	867	dxr	1.1.1.267	COG0743	1-deoxy-D-xylulose 5-phosphate reductoisomerase
JEPDNJAG_01891	CDS	1128	mmpA	3.4.24.-	COG0750	Metalloprotease MmpA
JEPDNJAG_01892	CDS	540	argA	2.3.1.1		Amino-acid acetyltransferase
JEPDNJAG_01893	CDS	501	rimI_3	2.3.1.266		[Ribosomal protein bS18]-alanine N-acetyltransferase
JEPDNJAG_01894	CDS	771				hypothetical protein
JEPDNJAG_01895	CDS	279				hypothetical protein
JEPDNJAG_01896	CDS	729				hypothetical protein
JEPDNJAG_01897	CDS	1785				hypothetical protein
JEPDNJAG_01898	CDS	858	mpaA	3.4.17.-		Murein peptide amidase A
JEPDNJAG_01899	CDS	336				hypothetical protein
JEPDNJAG_01900	CDS	933				hypothetical protein
JEPDNJAG_01901	CDS	339				hypothetical protein
JEPDNJAG_01902	CDS	819	add	3.5.4.4	COG1816	Adenosine deaminase
JEPDNJAG_01903	CDS	582				hypothetical protein
JEPDNJAG_01904	CDS	1113				hypothetical protein
JEPDNJAG_01905	CDS	558				hypothetical protein
JEPDNJAG_01906	CDS	150				hypothetical protein
JEPDNJAG_01907	CDS	1272	rfbD	5.4.99.9		UDP-galactopyranose mutase
JEPDNJAG_01908	CDS	147				hypothetical protein
JEPDNJAG_01909	CDS	192				hypothetical protein
JEPDNJAG_01910	CDS	1824	prkC	2.7.11.1	COG0515	Serine/threonine-protein kinase PrkC
JEPDNJAG_01911	CDS	1359				hypothetical protein
JEPDNJAG_01912	CDS	2517				hypothetical protein
JEPDNJAG_01913	CDS	1323		3.2.1.214	COG5368	Exo beta-1,2-glucooligosaccharide sophorohydrolase (non-reducing end)
JEPDNJAG_01914	CDS	672				hypothetical protein
JEPDNJAG_01915	CDS	612				hypothetical protein
JEPDNJAG_01916	CDS	2508				hypothetical protein
JEPDNJAG_01917	CDS	303				hypothetical protein
JEPDNJAG_01918	CDS	453	moaE	2.8.1.12		Molybdopterin synthase catalytic subunit
JEPDNJAG_01919	CDS	246				hypothetical protein
JEPDNJAG_01920	CDS	1278	serS	6.1.1.11	COG0172	Serine--tRNA ligase
JEPDNJAG_01921	CDS	1050				hypothetical protein
JEPDNJAG_01922	CDS	978				hypothetical protein
JEPDNJAG_01923	CDS	1077	rnr	3.1.13.1	COG0557	Ribonuclease R
JEPDNJAG_01924	CDS	126				hypothetical protein
JEPDNJAG_01925	CDS	1449				hypothetical protein
JEPDNJAG_01926	CDS	687				hypothetical protein
JEPDNJAG_01927	CDS	990	nagA	3.5.1.25	COG1820	N-acetylglucosamine-6-phosphate deacetylase
JEPDNJAG_01928	CDS	1200				hypothetical protein
JEPDNJAG_01929	CDS	180				hypothetical protein
JEPDNJAG_01930	CDS	1035	spoVD	3.4.16.4	COG0768	Stage V sporulation protein D
JEPDNJAG_01931	CDS	1524				hypothetical protein
JEPDNJAG_01932	CDS	177				hypothetical protein
JEPDNJAG_01933	CDS	315				hypothetical protein
JEPDNJAG_01934	CDS	570	purE_2	5.4.99.18	COG0041	N5-carboxyaminoimidazole ribonucleotide mutase
JEPDNJAG_01935	CDS	186				hypothetical protein
JEPDNJAG_01936	CDS	267				hypothetical protein
JEPDNJAG_01937	CDS	183				hypothetical protein
JEPDNJAG_01938	CDS	273				hypothetical protein
JEPDNJAG_01939	CDS	450				hypothetical protein
JEPDNJAG_01940	CDS	1197				hypothetical protein
JEPDNJAG_01941	CDS	690				hypothetical protein
JEPDNJAG_01942	CDS	1209	mdh_1	1.1.1.244		NAD-dependent methanol dehydrogenase
JEPDNJAG_01943	CDS	1515				hypothetical protein
JEPDNJAG_01944	CDS	684				hypothetical protein
JEPDNJAG_01945	CDS	492	ubiD	4.1.1.98	COG0043	3-octaprenyl-4-hydroxybenzoate carboxy-lyase
JEPDNJAG_01946	CDS	453	rnhA	3.1.26.4		Ribonuclease H
JEPDNJAG_01947	CDS	2121		3.2.1.216	COG1554	Kojibiose hydrolase
JEPDNJAG_01948	CDS	462				hypothetical protein
JEPDNJAG_01949	CDS	198				hypothetical protein
JEPDNJAG_01950	CDS	912				hypothetical protein
JEPDNJAG_01951	CDS	1380				hypothetical protein
JEPDNJAG_01952	CDS	612				hypothetical protein
JEPDNJAG_01953	CDS	99				hypothetical protein
JEPDNJAG_01954	CDS	138				hypothetical protein
JEPDNJAG_01955	CDS	1152				hypothetical protein
JEPDNJAG_01956	CDS	957				hypothetical protein
JEPDNJAG_01957	CDS	588				hypothetical protein
JEPDNJAG_01958	CDS	1263				hypothetical protein
JEPDNJAG_01959	CDS	753				hypothetical protein
JEPDNJAG_01960	CDS	2238				hypothetical protein
JEPDNJAG_01961	CDS	177				hypothetical protein
JEPDNJAG_01962	CDS	633				hypothetical protein
JEPDNJAG_01963	CDS	282				hypothetical protein
JEPDNJAG_01964	CDS	498				hypothetical protein
JEPDNJAG_01965	CDS	1257	prmA_2	2.1.1.-		Ribosomal protein L11 methyltransferase
JEPDNJAG_01966	CDS	672				hypothetical protein
JEPDNJAG_01967	CDS	1212				hypothetical protein
JEPDNJAG_01968	CDS	414				hypothetical protein
JEPDNJAG_01969	CDS	627				hypothetical protein
JEPDNJAG_01970	CDS	1299	tig	5.2.1.8	COG0544	Trigger factor
JEPDNJAG_01971	tRNA	73				tRNA-Gly(gcc)
JEPDNJAG_01972	CDS	819	tyrC	1.3.1.43	COG0287	Cyclohexadienyl dehydrogenase
JEPDNJAG_01973	CDS	183				hypothetical protein
JEPDNJAG_01974	CDS	1185				hypothetical protein
JEPDNJAG_01975	CDS	939	crtB	2.5.1.32	COG1562	15-cis-phytoene synthase
JEPDNJAG_01976	CDS	834	mtnP	2.4.2.1		S-methyl-5'-thioadenosine phosphorylase
JEPDNJAG_01977	CDS	390			COG1366	Putative anti-sigma factor antagonist
JEPDNJAG_01978	CDS	1185				hypothetical protein
JEPDNJAG_01979	CDS	192				hypothetical protein
JEPDNJAG_01980	CDS	744	guaB	1.1.1.205	COG0516	Inosine-5'-monophosphate dehydrogenase
JEPDNJAG_01981	CDS	771				hypothetical protein
JEPDNJAG_01982	CDS	306				hypothetical protein
JEPDNJAG_01983	tRNA	83				tRNA-Leu(cag)
JEPDNJAG_01984	CDS	471	tatA_1			Sec-independent protein translocase protein TatA
JEPDNJAG_01985	CDS	204	tatA_2			Sec-independent protein translocase protein TatA
JEPDNJAG_01986	CDS	732				hypothetical protein
JEPDNJAG_01987	CDS	996				hypothetical protein
JEPDNJAG_01988	CDS	186				hypothetical protein
JEPDNJAG_01989	CDS	324				hypothetical protein
JEPDNJAG_01990	CDS	990				hypothetical protein
JEPDNJAG_01991	CDS	309	cdd	3.5.4.5	COG0295	Cytidine deaminase
JEPDNJAG_01992	CDS	1503	nupX		COG1972	Putative nucleoside permease NupX
JEPDNJAG_01993	CDS	1392				hypothetical protein
JEPDNJAG_01994	CDS	915				hypothetical protein
JEPDNJAG_01995	CDS	939	iolW	1.1.1.371	COG0673	scyllo-inositol 2-dehydrogenase (NADP(+)) IolW
JEPDNJAG_01996	CDS	2121				hypothetical protein
JEPDNJAG_01997	CDS	1506	rbsA	7.5.2.7	COG1129	Ribose import ATP-binding protein RbsA
JEPDNJAG_01998	CDS	540				hypothetical protein
JEPDNJAG_01999	CDS	1098				hypothetical protein
JEPDNJAG_02000	CDS	324				hypothetical protein
JEPDNJAG_02001	CDS	417				hypothetical protein
JEPDNJAG_02002	CDS	825				hypothetical protein
JEPDNJAG_02003	CDS	810				hypothetical protein
JEPDNJAG_02004	CDS	1002				hypothetical protein
JEPDNJAG_02005	CDS	675				hypothetical protein
JEPDNJAG_02006	CDS	936				hypothetical protein
JEPDNJAG_02007	CDS	402	phoB		COG0745	Phosphate regulon transcriptional regulatory protein PhoB
JEPDNJAG_02008	CDS	519				hypothetical protein
JEPDNJAG_02009	CDS	303				hypothetical protein
JEPDNJAG_02010	CDS	1095				hypothetical protein
JEPDNJAG_02011	CDS	1086				hypothetical protein
JEPDNJAG_02012	CDS	558	hpd	1.13.11.27	COG3185	4-hydroxyphenylpyruvate dioxygenase
JEPDNJAG_02013	CDS	168				hypothetical protein
JEPDNJAG_02014	CDS	411				hypothetical protein
JEPDNJAG_02015	CDS	1404	mco	1.-.-.-		Multicopper oxidase mco
JEPDNJAG_02016	CDS	261				hypothetical protein
JEPDNJAG_02017	CDS	141				hypothetical protein
JEPDNJAG_02018	CDS	180				hypothetical protein
JEPDNJAG_02019	CDS	1821				hypothetical protein
JEPDNJAG_02020	CDS	216				hypothetical protein
JEPDNJAG_02021	CDS	1044				hypothetical protein
JEPDNJAG_02022	CDS	2025				hypothetical protein
JEPDNJAG_02023	CDS	264				hypothetical protein
JEPDNJAG_02024	CDS	1089	dnaG	2.7.7.101	COG0358	DNA primase
JEPDNJAG_02025	CDS	300				hypothetical protein
JEPDNJAG_02026	CDS	327				hypothetical protein
JEPDNJAG_02027	CDS	1329				hypothetical protein
JEPDNJAG_02028	CDS	489				hypothetical protein
JEPDNJAG_02029	CDS	780				hypothetical protein
JEPDNJAG_02030	CDS	204				hypothetical protein
JEPDNJAG_02031	CDS	306				hypothetical protein
JEPDNJAG_02032	CDS	210				hypothetical protein
JEPDNJAG_02033	CDS	372				hypothetical protein
JEPDNJAG_02034	CDS	522				hypothetical protein
JEPDNJAG_02035	CDS	432				hypothetical protein
JEPDNJAG_02036	CDS	939	rpoD			RNA polymerase sigma factor RpoD
JEPDNJAG_02037	CDS	807				hypothetical protein
JEPDNJAG_02038	CDS	381				hypothetical protein
JEPDNJAG_02039	CDS	1323	xylB	2.7.1.17	COG1070	Xylulose kinase
JEPDNJAG_02040	CDS	117				hypothetical protein
JEPDNJAG_02041	CDS	768	btuD_5	7.6.2.8		Vitamin B12 import ATP-binding protein BtuD
JEPDNJAG_02042	CDS	675	aas	6.2.1.20		Bifunctional protein Aas
JEPDNJAG_02043	CDS	267				hypothetical protein
JEPDNJAG_02044	CDS	411				hypothetical protein
JEPDNJAG_02045	CDS	1344				hypothetical protein
JEPDNJAG_02046	CDS	873	rmlD	1.1.1.133	COG1091	dTDP-4-dehydrorhamnose reductase
JEPDNJAG_02047	CDS	657	lptA			Lipopolysaccharide export system protein LptA
JEPDNJAG_02048	CDS	741	lptB_2	7.5.2.-	COG1137	Lipopolysaccharide export system ATP-binding protein LptB
JEPDNJAG_02049	CDS	168				hypothetical protein
JEPDNJAG_02050	CDS	348				hypothetical protein
JEPDNJAG_02051	CDS	396				hypothetical protein
JEPDNJAG_02052	CDS	522				hypothetical protein
JEPDNJAG_02053	CDS	99				hypothetical protein
JEPDNJAG_02054	CDS	138				hypothetical protein
JEPDNJAG_02055	CDS	1557				hypothetical protein
JEPDNJAG_02056	CDS	210				hypothetical protein
JEPDNJAG_02057	CDS	126				hypothetical protein
JEPDNJAG_02058	CDS	195	fluC			Fluoride-specific ion channel FluC
JEPDNJAG_02059	CDS	918				hypothetical protein
JEPDNJAG_02060	CDS	714				hypothetical protein
JEPDNJAG_02061	CDS	816				hypothetical protein
JEPDNJAG_02062	CDS	222				hypothetical protein
JEPDNJAG_02063	CDS	1929				hypothetical protein
JEPDNJAG_02064	CDS	579				hypothetical protein
JEPDNJAG_02065	CDS	414	mprA			Response regulator MprA
JEPDNJAG_02066	CDS	276				hypothetical protein
JEPDNJAG_02067	CDS	732				ISAs1 family transposase ISBli27
JEPDNJAG_02068	CDS	468				hypothetical protein
JEPDNJAG_02069	CDS	729				hypothetical protein
JEPDNJAG_02070	CDS	1551				hypothetical protein
JEPDNJAG_02071	CDS	336				hypothetical protein
JEPDNJAG_02072	CDS	1329				hypothetical protein
JEPDNJAG_02073	CDS	555	fabG_3	1.1.1.100	COG1028	3-oxoacyl-[acyl-carrier-protein] reductase
JEPDNJAG_02074	CDS	237	acpP_1		COG0236	Acyl carrier protein
JEPDNJAG_02075	CDS	1161	fabF_2	2.3.1.179	COG0304	3-oxoacyl-[acyl-carrier-protein] synthase 2
JEPDNJAG_02076	CDS	1185		2.6.1.1		Aspartate aminotransferase
JEPDNJAG_02077	CDS	333				hypothetical protein
JEPDNJAG_02078	CDS	867				hypothetical protein
JEPDNJAG_02079	CDS	228				hypothetical protein
JEPDNJAG_02080	CDS	699				hypothetical protein
JEPDNJAG_02081	CDS	279				hypothetical protein
JEPDNJAG_02082	CDS	153				hypothetical protein
JEPDNJAG_02083	CDS	243				hypothetical protein
JEPDNJAG_02084	CDS	324				hypothetical protein
JEPDNJAG_02085	CDS	213				hypothetical protein
JEPDNJAG_02086	CDS	771	sigG_2		COG1191	RNA polymerase sigma-G factor
JEPDNJAG_02087	CDS	258				hypothetical protein
JEPDNJAG_02088	CDS	1311				hypothetical protein
JEPDNJAG_02089	CDS	114				hypothetical protein
JEPDNJAG_02090	CDS	297				hypothetical protein
JEPDNJAG_02091	CDS	144				hypothetical protein
JEPDNJAG_02092	CDS	510	rplO		COG0200	Large ribosomal subunit protein uL15
JEPDNJAG_02093	CDS	180	rpmD		COG1841	Large ribosomal subunit protein uL30
JEPDNJAG_02094	CDS	219				hypothetical protein
JEPDNJAG_02095	CDS	708	sasA_2	2.7.13.3		Adaptive-response sensory-kinase SasA
JEPDNJAG_02096	CDS	468				hypothetical protein
JEPDNJAG_02097	CDS	684				hypothetical protein
JEPDNJAG_02098	tRNA	85				tRNA-Val(gac)
JEPDNJAG_02099	CDS	198				hypothetical protein
JEPDNJAG_02100	CDS	2595		3.2.1.23	COG3250	Beta-galactosidase BoGH2A
JEPDNJAG_02101	CDS	393				hypothetical protein
JEPDNJAG_02102	CDS	900			COG0393	Encapsulin nanocompartment protein
JEPDNJAG_02103	CDS	3393				hypothetical protein
JEPDNJAG_02104	CDS	897				hypothetical protein
JEPDNJAG_02105	CDS	393				hypothetical protein
JEPDNJAG_02106	CDS	843	lpxG	3.6.1.-		UDP-2,3-diacylglucosamine pyrophosphatase LpxG
JEPDNJAG_02107	CDS	162				hypothetical protein
JEPDNJAG_02108	CDS	639	bepA_3	3.4.-.-		Beta-barrel assembly-enhancing protease
JEPDNJAG_02109	CDS	468				hypothetical protein
JEPDNJAG_02110	CDS	2430	lhr	3.2.2.27	COG1201	Lhr helicase/ probable uracil glycosylase
JEPDNJAG_02111	CDS	972	mutM_2	4.2.99.18		Formamidopyrimidine-DNA glycosylase
JEPDNJAG_02112	CDS	918				hypothetical protein
JEPDNJAG_02113	CDS	1311				hypothetical protein
JEPDNJAG_02114	CDS	729				hypothetical protein
JEPDNJAG_02115	CDS	276				hypothetical protein
JEPDNJAG_02116	CDS	243				hypothetical protein
JEPDNJAG_02117	CDS	831				hypothetical protein
JEPDNJAG_02118	CDS	285				hypothetical protein
JEPDNJAG_02119	CDS	1143				hypothetical protein
JEPDNJAG_02120	CDS	1011	hemE	4.1.1.37		Uroporphyrinogen decarboxylase
JEPDNJAG_02121	CDS	924	cpfC	4.99.1.9	COG0276	Coproporphyrin III ferrochelatase
JEPDNJAG_02122	CDS	1566				hypothetical protein
JEPDNJAG_02123	CDS	564				hypothetical protein
JEPDNJAG_02124	CDS	522				hypothetical protein
JEPDNJAG_02125	CDS	717				hypothetical protein
JEPDNJAG_02126	CDS	1047	ycjS_3	1.1.1.-	COG0673	D-glucoside 3-dehydrogenase
JEPDNJAG_02127	CDS	1137				hypothetical protein
JEPDNJAG_02128	CDS	1035	gnl_2	3.1.1.17	COG3386	Gluconolactonase
JEPDNJAG_02129	CDS	420				hypothetical protein
JEPDNJAG_02130	CDS	231				hypothetical protein
JEPDNJAG_02131	CDS	1359	mshA_3	2.4.1.250		D-inositol-3-phosphate glycosyltransferase
JEPDNJAG_02132	CDS	1164				hypothetical protein
JEPDNJAG_02133	CDS	594				hypothetical protein
JEPDNJAG_02134	CDS	1575				hypothetical protein
JEPDNJAG_02135	CDS	210				hypothetical protein
JEPDNJAG_02136	CDS	105				hypothetical protein
JEPDNJAG_02137	CDS	546				hypothetical protein
JEPDNJAG_02138	CDS	573				hypothetical protein
JEPDNJAG_02139	CDS	1446	atsA_4	3.1.6.1		Arylsulfatase
JEPDNJAG_02140	CDS	435				hypothetical protein
JEPDNJAG_02141	CDS	645				hypothetical protein
JEPDNJAG_02142	CDS	720				hypothetical protein
JEPDNJAG_02143	CDS	903	gqqA	3.5.1.97		Bifunctional N-acyl-homoserine lactone acylase/prephenate dehydratase
JEPDNJAG_02144	CDS	246				hypothetical protein
JEPDNJAG_02145	CDS	993				hypothetical protein
JEPDNJAG_02146	CDS	552				hypothetical protein
JEPDNJAG_02147	CDS	1392				hypothetical protein
JEPDNJAG_02148	CDS	291				hypothetical protein
JEPDNJAG_02149	CDS	546				hypothetical protein
JEPDNJAG_02150	CDS	1332		2.7.7.-	COG0617	A-adding tRNA nucleotidyltransferase
JEPDNJAG_02151	CDS	396	lysA	4.1.1.20	COG0019	Diaminopimelate decarboxylase
JEPDNJAG_02152	CDS	222				hypothetical protein
JEPDNJAG_02153	CDS	1443				hypothetical protein
JEPDNJAG_02154	CDS	915				hypothetical protein
JEPDNJAG_02155	CDS	264				hypothetical protein
JEPDNJAG_02156	CDS	972				hypothetical protein
JEPDNJAG_02157	CDS	594	algU_3			RNA polymerase sigma-H factor
JEPDNJAG_02158	CDS	684				hypothetical protein
JEPDNJAG_02159	CDS	1461	gatA	6.3.5.7		Glutamyl-tRNA(Gln) amidotransferase subunit A
JEPDNJAG_02160	CDS	1377	ndh	1.6.5.9	COG1252	Type II NADH:quinone oxidoreductase Ndh
JEPDNJAG_02161	CDS	801				hypothetical protein
JEPDNJAG_02162	CDS	570				hypothetical protein
JEPDNJAG_02163	CDS	1257				hypothetical protein
JEPDNJAG_02164	CDS	819				hypothetical protein
JEPDNJAG_02165	CDS	441				hypothetical protein
JEPDNJAG_02166	CDS	840				hypothetical protein
JEPDNJAG_02167	CDS	1365	ybaT		COG0531	Inner membrane transport protein YbaT
JEPDNJAG_02168	CDS	219				hypothetical protein
JEPDNJAG_02169	CDS	459				hypothetical protein
JEPDNJAG_02170	CDS	528				hypothetical protein
JEPDNJAG_02171	CDS	222				hypothetical protein
JEPDNJAG_02172	CDS	759				hypothetical protein
JEPDNJAG_02173	CDS	516				hypothetical protein
JEPDNJAG_02174	CDS	126				hypothetical protein
JEPDNJAG_02175	CDS	408	rcsC_16	2.7.13.3		Sensor histidine kinase RcsC
JEPDNJAG_02176	CDS	354				hypothetical protein
JEPDNJAG_02177	CDS	420				hypothetical protein
JEPDNJAG_02178	CDS	477				hypothetical protein
JEPDNJAG_02179	tRNA	75				tRNA-Asp(gtc)
JEPDNJAG_02180	CDS	135				hypothetical protein
JEPDNJAG_02181	CDS	1074				hypothetical protein
JEPDNJAG_02182	CDS	465				hypothetical protein
JEPDNJAG_02183	CDS	279				hypothetical protein
JEPDNJAG_02184	CDS	1380	gabT	2.6.1.19	COG0160	4-aminobutyrate aminotransferase GabT
JEPDNJAG_02185	CDS	450				hypothetical protein
JEPDNJAG_02186	CDS	561				hypothetical protein
JEPDNJAG_02187	CDS	801				hypothetical protein
JEPDNJAG_02188	CDS	525				hypothetical protein
JEPDNJAG_02189	CDS	2394				hypothetical protein
JEPDNJAG_02190	CDS	345				hypothetical protein
JEPDNJAG_02191	CDS	1956				hypothetical protein
JEPDNJAG_02192	CDS	771	gbuA	7.6.2.9		Glycine betaine/carnitine transport ATP-binding protein GbuA
JEPDNJAG_02193	CDS	777	fetB		COG0390	putative iron export permease protein FetB
JEPDNJAG_02194	CDS	477	hemL_2	5.4.3.8	COG0001	Glutamate-1-semialdehyde 2,1-aminomutase
JEPDNJAG_02195	CDS	945	bioA	2.6.1.62		Adenosylmethionine-8-amino-7-oxononanoate aminotransferase
JEPDNJAG_02196	CDS	309				hypothetical protein
JEPDNJAG_02197	CDS	555	yfeW	3.4.16.4		Putative D-alanyl-D-alanine carboxypeptidase
JEPDNJAG_02198	CDS	195				hypothetical protein
JEPDNJAG_02199	CDS	174				hypothetical protein
JEPDNJAG_02200	CDS	192				hypothetical protein
JEPDNJAG_02201	CDS	831				hypothetical protein
JEPDNJAG_02202	CDS	126				hypothetical protein
JEPDNJAG_02203	CDS	117				hypothetical protein
JEPDNJAG_02204	CDS	207				hypothetical protein
JEPDNJAG_02205	CDS	600				hypothetical protein
JEPDNJAG_02206	CDS	1101				hypothetical protein
JEPDNJAG_02207	CDS	486				hypothetical protein
JEPDNJAG_02208	CDS	807				hypothetical protein
JEPDNJAG_02209	CDS	852				hypothetical protein
JEPDNJAG_02210	CDS	153				hypothetical protein
JEPDNJAG_02211	CDS	1125				hypothetical protein
JEPDNJAG_02212	CDS	2001				hypothetical protein
JEPDNJAG_02213	CDS	348				hypothetical protein
JEPDNJAG_02214	CDS	153				hypothetical protein
JEPDNJAG_02215	CDS	369				hypothetical protein
JEPDNJAG_02216	CDS	609				hypothetical protein
JEPDNJAG_02217	CDS	225				hypothetical protein
JEPDNJAG_02218	CDS	297				hypothetical protein
JEPDNJAG_02219	CDS	984	btuD_6	7.6.2.8		Vitamin B12 import ATP-binding protein BtuD
JEPDNJAG_02220	CDS	840				hypothetical protein
JEPDNJAG_02221	CDS	312				hypothetical protein
JEPDNJAG_02222	CDS	999				hypothetical protein
JEPDNJAG_02223	CDS	2565				hypothetical protein
JEPDNJAG_02224	CDS	1422				hypothetical protein
JEPDNJAG_02225	CDS	2379	czcA			Cobalt-zinc-cadmium resistance protein CzcA
JEPDNJAG_02226	CDS	1248		3.4.24.-	COG0612	putative zinc protease
JEPDNJAG_02227	CDS	864				hypothetical protein
JEPDNJAG_02228	CDS	207	ribH_1	2.5.1.78		6,7-dimethyl-8-ribityllumazine synthase
JEPDNJAG_02229	CDS	198				hypothetical protein
JEPDNJAG_02230	CDS	648				hypothetical protein
JEPDNJAG_02231	CDS	1116		2.3.1.315	COG0427	Succinyl-CoA:cyclohexane-1-carboxylate CoA transferase
JEPDNJAG_02232	CDS	1074				hypothetical protein
JEPDNJAG_02233	CDS	1311				hypothetical protein
JEPDNJAG_02234	CDS	318				hypothetical protein
JEPDNJAG_02235	CDS	894				hypothetical protein
JEPDNJAG_02236	CDS	342				hypothetical protein
JEPDNJAG_02237	CDS	906	garR	1.1.1.60	COG2084	2-hydroxy-3-oxopropionate reductase
JEPDNJAG_02238	CDS	261				hypothetical protein
JEPDNJAG_02239	CDS	111				hypothetical protein
JEPDNJAG_02240	CDS	1164				hypothetical protein
JEPDNJAG_02241	CDS	300				hypothetical protein
JEPDNJAG_02242	CDS	564				hypothetical protein
JEPDNJAG_02243	CDS	1197				hypothetical protein
JEPDNJAG_02244	CDS	1101	dap_1	3.4.11.19		D-aminopeptidase
JEPDNJAG_02245	CDS	216				hypothetical protein
JEPDNJAG_02246	CDS	246				hypothetical protein
JEPDNJAG_02247	CDS	144				hypothetical protein
JEPDNJAG_02248	CDS	477	argF	2.1.3.3	COG0078	Ornithine carbamoyltransferase
JEPDNJAG_02249	CDS	1194	argG	6.3.4.5	COG0137	Argininosuccinate synthase
JEPDNJAG_02250	CDS	1407	argH	4.3.2.1		Argininosuccinate lyase
JEPDNJAG_02251	CDS	1242				hypothetical protein
JEPDNJAG_02252	CDS	543		2.6.1.1	COG0436	Aspartate/prephenate aminotransferase
JEPDNJAG_02253	CDS	744	mltF			Membrane-bound lytic murein transglycosylase F
JEPDNJAG_02254	CDS	771				hypothetical protein
JEPDNJAG_02255	CDS	432				hypothetical protein
JEPDNJAG_02256	CDS	1632				hypothetical protein
JEPDNJAG_02257	CDS	159				hypothetical protein
JEPDNJAG_02258	CDS	774	glmU			Bifunctional protein GlmU
JEPDNJAG_02259	CDS	234				hypothetical protein
JEPDNJAG_02260	CDS	1326				hypothetical protein
JEPDNJAG_02261	CDS	546				hypothetical protein
JEPDNJAG_02262	CDS	486				hypothetical protein
JEPDNJAG_02263	CDS	678				hypothetical protein
JEPDNJAG_02264	CDS	402				hypothetical protein
JEPDNJAG_02265	CDS	2379	recD	5.6.2.3		RecBCD enzyme subunit RecD
JEPDNJAG_02266	CDS	477				hypothetical protein
JEPDNJAG_02267	CDS	540				hypothetical protein
JEPDNJAG_02268	CDS	1434	cotB4_1	1.14.99.62		Cyclooctatin synthase
JEPDNJAG_02269	CDS	651	fabD	2.3.1.39		Malonyl CoA-acyl carrier protein transacylase
JEPDNJAG_02270	CDS	516				hypothetical protein
JEPDNJAG_02271	CDS	861				hypothetical protein
JEPDNJAG_02272	CDS	225				hypothetical protein
JEPDNJAG_02273	CDS	558	ymdB_1	3.1.1.106	COG2110	O-acetyl-ADP-ribose deacetylase
JEPDNJAG_02274	CDS	486				hypothetical protein
JEPDNJAG_02275	CDS	495				hypothetical protein
JEPDNJAG_02276	CDS	774	bioD	6.3.3.3		ATP-dependent dethiobiotin synthetase BioD
JEPDNJAG_02277	CDS	1053	bioF	2.3.1.47		8-amino-7-oxononanoate synthase
JEPDNJAG_02278	CDS	444				hypothetical protein
JEPDNJAG_02279	CDS	903				hypothetical protein
JEPDNJAG_02280	CDS	2043				hypothetical protein
JEPDNJAG_02281	CDS	195				hypothetical protein
JEPDNJAG_02282	CDS	438				hypothetical protein
JEPDNJAG_02283	CDS	108				hypothetical protein
JEPDNJAG_02284	CDS	3549				hypothetical protein
JEPDNJAG_02285	CDS	1794				hypothetical protein
JEPDNJAG_02286	CDS	222				hypothetical protein
JEPDNJAG_02287	CDS	792	tarA	2.4.1.187	COG1922	N-acetylglucosaminyldiphosphoundecaprenol N-acetyl-beta-D-mannosaminyltransferase
JEPDNJAG_02288	CDS	948	UXNAcS_1	4.1.1.128	COG0451	UDP-N-acetyl-alpha-D-glucosaminuronate decarboxylase
JEPDNJAG_02289	CDS	801	yngB	2.7.7.9	COG1210	UTP--glucose-1-phosphate uridylyltransferase YngB
JEPDNJAG_02290	CDS	273				hypothetical protein
JEPDNJAG_02291	CDS	645				hypothetical protein
JEPDNJAG_02292	CDS	1080				hypothetical protein
JEPDNJAG_02293	CDS	1587				hypothetical protein
JEPDNJAG_02294	CDS	483				hypothetical protein
JEPDNJAG_02295	CDS	189	thiS		COG2104	Sulfur carrier protein ThiS
JEPDNJAG_02296	CDS	825	thiG	2.8.1.10	COG2022	Thiazole synthase
JEPDNJAG_02297	CDS	288				hypothetical protein
JEPDNJAG_02298	CDS	351				hypothetical protein
JEPDNJAG_02299	CDS	867	thiC	4.1.99.17	COG0422	Phosphomethylpyrimidine synthase
JEPDNJAG_02300	CDS	1437			COG2308	putative protein
JEPDNJAG_02301	CDS	1995				hypothetical protein
JEPDNJAG_02302	CDS	210				hypothetical protein
JEPDNJAG_02303	CDS	1395	mshA_4	2.4.1.250		D-inositol-3-phosphate glycosyltransferase
JEPDNJAG_02304	CDS	357	srrA			Transcriptional regulatory protein SrrA
JEPDNJAG_02305	CDS	1497				hypothetical protein
JEPDNJAG_02306	CDS	447				hypothetical protein
JEPDNJAG_02307	CDS	489				hypothetical protein
JEPDNJAG_02308	CDS	246				hypothetical protein
JEPDNJAG_02309	CDS	945				hypothetical protein
JEPDNJAG_02310	CDS	1092				hypothetical protein
JEPDNJAG_02311	CDS	249				hypothetical protein
JEPDNJAG_02312	CDS	1086				hypothetical protein
JEPDNJAG_02313	CDS	1716				hypothetical protein
JEPDNJAG_02314	CDS	498				hypothetical protein
JEPDNJAG_02315	CDS	216				hypothetical protein
JEPDNJAG_02316	CDS	339				hypothetical protein
JEPDNJAG_02317	CDS	225				hypothetical protein
JEPDNJAG_02318	CDS	2097				hypothetical protein
JEPDNJAG_02319	CDS	408	phoP_3		COG0745	Alkaline phosphatase synthesis transcriptional regulatory protein PhoP
JEPDNJAG_02320	CDS	525	rcsC_17	2.7.13.3		Sensor histidine kinase RcsC
JEPDNJAG_02321	CDS	204				hypothetical protein
JEPDNJAG_02322	CDS	717	phaA	2.3.1.9		Acetyl-CoA acetyltransferase
JEPDNJAG_02323	CDS	873	mmgB	1.1.1.157	COG1250	putative 3-hydroxybutyryl-CoA dehydrogenase
JEPDNJAG_02324	CDS	663	ytnP	3.1.1.-	COG0491	putative quorum-quenching lactonase YtnP
JEPDNJAG_02325	CDS	396	chcB2	1.1.1.438		Cis-4-hydroxycyclohexanecarboxylate dehydrogenase
JEPDNJAG_02326	CDS	366				hypothetical protein
JEPDNJAG_02327	CDS	564				hypothetical protein
JEPDNJAG_02328	CDS	198				hypothetical protein
JEPDNJAG_02329	CDS	831				hypothetical protein
JEPDNJAG_02330	CDS	786				hypothetical protein
JEPDNJAG_02331	CDS	1008	rhaB	2.7.1.5	COG1070	L-Rhamnulokinase
JEPDNJAG_02332	CDS	453				hypothetical protein
JEPDNJAG_02333	CDS	222				hypothetical protein
JEPDNJAG_02334	CDS	180				hypothetical protein
JEPDNJAG_02335	CDS	240				hypothetical protein
JEPDNJAG_02336	CDS	942				hypothetical protein
JEPDNJAG_02337	CDS	282				hypothetical protein
JEPDNJAG_02338	CDS	1707	shc_1	5.4.99.17	COG1657	Squalene--hopene cyclase
JEPDNJAG_02339	CDS	444				hypothetical protein
JEPDNJAG_02340	tRNA	91				tRNA-Ser(gga)
JEPDNJAG_02341	CDS	1554	mshB	3.5.1.103		1D-myo-inositol 2-acetamido-2-deoxy-alpha-D-glucopyranoside deacetylase
JEPDNJAG_02342	CDS	426	murI	5.1.1.3		Glutamate racemase
JEPDNJAG_02343	CDS	2757				hypothetical protein
JEPDNJAG_02344	CDS	1473				hypothetical protein
JEPDNJAG_02345	CDS	450	thiO	1.4.3.19		Glycine oxidase
JEPDNJAG_02346	CDS	1059		2.1.1.-	COG2230	S-adenosylmethionine-dependent methyltransferase
JEPDNJAG_02347	CDS	294				hypothetical protein
JEPDNJAG_02348	CDS	555				hypothetical protein
JEPDNJAG_02349	CDS	1080				hypothetical protein
JEPDNJAG_02350	CDS	894				hypothetical protein
JEPDNJAG_02351	CDS	243				hypothetical protein
JEPDNJAG_02352	CDS	192				hypothetical protein
JEPDNJAG_02353	CDS	276				hypothetical protein
JEPDNJAG_02354	CDS	567	cbiO	7.2.2.-	COG1122	Cobalt import ATP-binding protein CbiO
JEPDNJAG_02355	CDS	1110	engB			GTP-binding protein EngB
JEPDNJAG_02356	CDS	318				hypothetical protein
JEPDNJAG_02357	CDS	348				hypothetical protein
JEPDNJAG_02358	CDS	174				hypothetical protein
JEPDNJAG_02359	CDS	189				hypothetical protein
JEPDNJAG_02360	CDS	432				hypothetical protein
JEPDNJAG_02361	CDS	504				hypothetical protein
JEPDNJAG_02362	CDS	1005				hypothetical protein
JEPDNJAG_02363	CDS	627				hypothetical protein
JEPDNJAG_02364	CDS	285				hypothetical protein
JEPDNJAG_02365	CDS	282				hypothetical protein
JEPDNJAG_02366	CDS	366	rplN		COG0093	Large ribosomal subunit protein uL14
JEPDNJAG_02367	CDS	285				hypothetical protein
JEPDNJAG_02368	CDS	207	rpmC			Large ribosomal subunit protein uL29
JEPDNJAG_02369	CDS	450	rplP		COG0197	Large ribosomal subunit protein uL16
JEPDNJAG_02370	CDS	804	rpsC		COG0092	Small ribosomal subunit protein uS3
JEPDNJAG_02371	CDS	618				hypothetical protein
JEPDNJAG_02372	CDS	288	rpsS			Small ribosomal subunit protein uS19
JEPDNJAG_02373	CDS	828	rplB		COG0090	Large ribosomal subunit protein uL2
JEPDNJAG_02374	CDS	699	ppc	4.1.1.31		Phosphoenolpyruvate carboxylase
JEPDNJAG_02375	CDS	2136				hypothetical protein
JEPDNJAG_02376	CDS	138				hypothetical protein
JEPDNJAG_02377	CDS	1245				hypothetical protein
JEPDNJAG_02378	CDS	1224				hypothetical protein
JEPDNJAG_02379	CDS	774	menH_1	4.2.99.20		2-succinyl-6-hydroxy-2,4-cyclohexadiene-1-carboxylate synthase
JEPDNJAG_02380	CDS	270				hypothetical protein
JEPDNJAG_02381	CDS	1788				hypothetical protein
JEPDNJAG_02382	CDS	1308	murJ			lipid II flippase MurJ
JEPDNJAG_02383	CDS	804				hypothetical protein
JEPDNJAG_02384	CDS	690	regX3		COG0745	Sensory transduction protein RegX3
JEPDNJAG_02385	CDS	1638				hypothetical protein
JEPDNJAG_02386	CDS	864				hypothetical protein
JEPDNJAG_02387	CDS	867				hypothetical protein
JEPDNJAG_02388	CDS	570				hypothetical protein
JEPDNJAG_02389	CDS	1014				hypothetical protein
JEPDNJAG_02390	CDS	1056	lacF_3			Lactose transport system permease protein LacF
JEPDNJAG_02391	CDS	879				hypothetical protein
JEPDNJAG_02392	CDS	237				hypothetical protein
JEPDNJAG_02393	CDS	1320				hypothetical protein
JEPDNJAG_02394	CDS	975				hypothetical protein
JEPDNJAG_02395	CDS	1398				hypothetical protein
JEPDNJAG_02396	CDS	546				hypothetical protein
JEPDNJAG_02397	CDS	252				hypothetical protein
JEPDNJAG_02398	CDS	159				hypothetical protein
JEPDNJAG_02399	CDS	300				hypothetical protein
JEPDNJAG_02400	CDS	1113				hypothetical protein
JEPDNJAG_02401	CDS	1422		3.2.1.-	COG4225	Unsaturated glucuronyl hydrolase
JEPDNJAG_02402	CDS	669				hypothetical protein
JEPDNJAG_02403	CDS	810				hypothetical protein
JEPDNJAG_02404	CDS	936				hypothetical protein
JEPDNJAG_02405	CDS	1293	ywrD	2.3.2.2	COG0405	Glutathione hydrolase-like YwrD proenzyme
JEPDNJAG_02406	CDS	957	hpr	1.1.1.81	COG1052	Hydroxypyruvate reductase
JEPDNJAG_02407	CDS	1347				hypothetical protein
JEPDNJAG_02408	CDS	537				hypothetical protein
JEPDNJAG_02409	CDS	186				hypothetical protein
JEPDNJAG_02410	CDS	1194				hypothetical protein
JEPDNJAG_02411	CDS	219				hypothetical protein
JEPDNJAG_02412	CDS	771				hypothetical protein
JEPDNJAG_02413	CDS	264				hypothetical protein
JEPDNJAG_02414	CDS	456	ribN		COG0697	Riboflavin transporter
JEPDNJAG_02415	CDS	429				hypothetical protein
JEPDNJAG_02416	CDS	795	crnA_2	3.5.2.10		Creatinine amidohydrolase
JEPDNJAG_02417	CDS	123				hypothetical protein
JEPDNJAG_02418	CDS	1071				hypothetical protein
JEPDNJAG_02419	CDS	555				hypothetical protein
JEPDNJAG_02420	CDS	201				hypothetical protein
JEPDNJAG_02421	CDS	231				hypothetical protein
JEPDNJAG_02422	CDS	1062	ttuC'	1.1.1.93		putative tartrate dehydrogenase/decarboxylase TtuC'
JEPDNJAG_02423	CDS	138				hypothetical protein
JEPDNJAG_02424	CDS	1278				hypothetical protein
JEPDNJAG_02425	CDS	471				hypothetical protein
JEPDNJAG_02426	CDS	531				hypothetical protein
JEPDNJAG_02427	CDS	450				hypothetical protein
JEPDNJAG_02428	CDS	615				hypothetical protein
JEPDNJAG_02429	CDS	858				hypothetical protein
JEPDNJAG_02430	CDS	396				hypothetical protein
JEPDNJAG_02431	CDS	600				hypothetical protein
JEPDNJAG_02432	CDS	1278				hypothetical protein
JEPDNJAG_02433	CDS	516				hypothetical protein
JEPDNJAG_02434	CDS	495	wcdB	5.1.3.45	COG0451	UDP-N-acetyl-alpha-D-glucosaminouronate 4-epimerase
JEPDNJAG_02435	CDS	765				hypothetical protein
JEPDNJAG_02436	CDS	522				hypothetical protein
JEPDNJAG_02437	CDS	480				hypothetical protein
JEPDNJAG_02438	CDS	306				hypothetical protein
JEPDNJAG_02439	CDS	405	vapC_3	3.1.-.-		tRNA(fMet)-specific endonuclease VapC
JEPDNJAG_02440	CDS	465	vapC_4	3.1.-.-		tRNA(fMet)-specific endonuclease VapC
JEPDNJAG_02441	CDS	234				hypothetical protein
JEPDNJAG_02442	CDS	1953	yagF	4.2.1.82	COG0129	D-xylonate dehydratase YagF
JEPDNJAG_02443	CDS	1977	rcsC_18	2.7.13.3		Sensor histidine kinase RcsC
JEPDNJAG_02444	CDS	111				hypothetical protein
JEPDNJAG_02445	CDS	93				hypothetical protein
JEPDNJAG_02446	CDS	522				hypothetical protein
JEPDNJAG_02447	CDS	861	aroE	1.1.1.25	COG0169	Shikimate dehydrogenase (NADP(+))
JEPDNJAG_02448	CDS	1335				hypothetical protein
JEPDNJAG_02449	CDS	741				hypothetical protein
JEPDNJAG_02450	CDS	852		2.7.4.-	COG2326	AMP/ADP-polyphosphate phosphotransferase
JEPDNJAG_02451	CDS	153				hypothetical protein
JEPDNJAG_02452	CDS	372				hypothetical protein
JEPDNJAG_02453	CDS	207				hypothetical protein
JEPDNJAG_02454	CDS	180				hypothetical protein
JEPDNJAG_02455	CDS	378				hypothetical protein
JEPDNJAG_02456	CDS	801				hypothetical protein
JEPDNJAG_02457	CDS	1428				hypothetical protein
JEPDNJAG_02458	CDS	507				hypothetical protein
JEPDNJAG_02459	CDS	540				hypothetical protein
JEPDNJAG_02460	CDS	138				hypothetical protein
JEPDNJAG_02461	CDS	1041				hypothetical protein
JEPDNJAG_02462	CDS	957	vgb_3	4.2.99.-		Virginiamycin B lyase
JEPDNJAG_02463	CDS	1062	ddpA		COG0747	putative D,D-dipeptide-binding periplasmic protein DdpA
JEPDNJAG_02464	CDS	942				hypothetical protein
JEPDNJAG_02465	CDS	222				hypothetical protein
JEPDNJAG_02466	CDS	2274				hypothetical protein
JEPDNJAG_02467	CDS	312				hypothetical protein
JEPDNJAG_02468	CDS	813				hypothetical protein
JEPDNJAG_02469	CDS	327				hypothetical protein
JEPDNJAG_02470	CDS	528				hypothetical protein
JEPDNJAG_02471	CDS	216				hypothetical protein
JEPDNJAG_02472	CDS	318				hypothetical protein
JEPDNJAG_02473	CDS	366				hypothetical protein
JEPDNJAG_02474	tRNA	93				tRNA-Arg(tcg)
JEPDNJAG_02475	CDS	222				hypothetical protein
JEPDNJAG_02476	CDS	1056				hypothetical protein
JEPDNJAG_02477	CDS	972	ubiG	2.1.1.222		Ubiquinone biosynthesis O-methyltransferase
JEPDNJAG_02478	CDS	405	divK_3			Polar-differentiation response regulator DivK
JEPDNJAG_02479	CDS	1005				hypothetical protein
JEPDNJAG_02480	CDS	831	UgpQ_2	3.1.4.46	COG0584	Glycerophosphodiester phosphodiesterase
JEPDNJAG_02481	CDS	1257				hypothetical protein
JEPDNJAG_02482	CDS	1008				hypothetical protein
JEPDNJAG_02483	CDS	240				hypothetical protein
JEPDNJAG_02484	CDS	906	auaG	1.14.13.222		Aurachin C monooxygenase/isomerase
JEPDNJAG_02485	CDS	1080	fabH_1	2.3.1.180	COG0332	Beta-ketoacyl-[acyl-carrier-protein] synthase III
JEPDNJAG_02486	CDS	273				hypothetical protein
JEPDNJAG_02487	CDS	99				hypothetical protein
JEPDNJAG_02488	CDS	2397				hypothetical protein
JEPDNJAG_02489	CDS	543				hypothetical protein
JEPDNJAG_02490	CDS	600				hypothetical protein
JEPDNJAG_02491	CDS	1371				hypothetical protein
JEPDNJAG_02492	CDS	216				hypothetical protein
JEPDNJAG_02493	CDS	255				hypothetical protein
JEPDNJAG_02494	CDS	180				hypothetical protein
JEPDNJAG_02495	CDS	207	copA_1	7.2.2.8	COG2217	Copper-exporting P-type ATPase
JEPDNJAG_02496	CDS	366	ndhC_2	7.1.1.-		NAD(P)H-quinone oxidoreductase subunit 3, chloroplastic
JEPDNJAG_02497	CDS	267	pdxA2	1.1.1.408	COG1995	D-threonate 4-phosphate dehydrogenase
JEPDNJAG_02498	CDS	330	hfq			RNA-binding protein Hfq
JEPDNJAG_02499	CDS	240				hypothetical protein
JEPDNJAG_02500	CDS	279				hypothetical protein
JEPDNJAG_02501	CDS	294				hypothetical protein
JEPDNJAG_02502	CDS	369				hypothetical protein
JEPDNJAG_02503	CDS	306				hypothetical protein
JEPDNJAG_02504	CDS	255				hypothetical protein
JEPDNJAG_02505	CDS	1242				hypothetical protein
JEPDNJAG_02506	CDS	513				hypothetical protein
JEPDNJAG_02507	CDS	810	surE	3.1.3.5	COG0496	5'-nucleotidase SurE
JEPDNJAG_02508	CDS	912	flhA	1.1.1.284		S-(hydroxymethyl)glutathione dehydrogenase
JEPDNJAG_02509	CDS	516				hypothetical protein
JEPDNJAG_02510	CDS	435				hypothetical protein
JEPDNJAG_02511	CDS	1029				hypothetical protein
JEPDNJAG_02512	CDS	327				hypothetical protein
JEPDNJAG_02513	CDS	708			COG2442	Putative antitoxin VapB45
JEPDNJAG_02514	CDS	600	kdpE		COG0745	Transcriptional regulatory protein KdpE
JEPDNJAG_02515	CDS	456				hypothetical protein
JEPDNJAG_02516	CDS	504				hypothetical protein
JEPDNJAG_02517	CDS	1494				hypothetical protein
JEPDNJAG_02518	CDS	171				hypothetical protein
JEPDNJAG_02519	CDS	198				hypothetical protein
JEPDNJAG_02520	CDS	1875				hypothetical protein
JEPDNJAG_02521	CDS	537				hypothetical protein
JEPDNJAG_02522	CDS	507				hypothetical protein
JEPDNJAG_02523	CDS	507	fabG_4	1.1.1.100	COG1028	3-oxoacyl-[acyl-carrier-protein] reductase
JEPDNJAG_02524	CDS	1032	xylA_1	5.3.1.5		Xylose isomerase
JEPDNJAG_02525	CDS	597				hypothetical protein
JEPDNJAG_02526	CDS	834				hypothetical protein
JEPDNJAG_02527	CDS	852	ccrM_2	2.1.1.72		DNA methyltransferase CcrM
JEPDNJAG_02528	CDS	1062	ysdC	3.4.11.-	COG1363	Putative aminopeptidase YsdC
JEPDNJAG_02529	CDS	660	ctc		COG1825	General stress protein Ctc
JEPDNJAG_02530	CDS	1260				hypothetical protein
JEPDNJAG_02531	CDS	294				hypothetical protein
JEPDNJAG_02532	CDS	1605	rcsC_19	2.7.13.3		Sensor histidine kinase RcsC
JEPDNJAG_02533	CDS	306				hypothetical protein
JEPDNJAG_02534	tRNA	72				tRNA-Met(cat)
JEPDNJAG_02535	CDS	654	lolD	7.6.2.-	COG1136	Lipoprotein-releasing system ATP-binding protein LolD
JEPDNJAG_02536	CDS	1314				hypothetical protein
JEPDNJAG_02537	CDS	864				hypothetical protein
JEPDNJAG_02538	CDS	723				hypothetical protein
JEPDNJAG_02539	CDS	168				hypothetical protein
JEPDNJAG_02540	CDS	588	uup_1	3.6.1.-		ATP-binding protein Uup
JEPDNJAG_02541	CDS	162	uup_2	3.6.1.-		ATP-binding protein Uup
JEPDNJAG_02542	CDS	789	cmpB		COG0600	Bicarbonate transport system permease protein CmpB
JEPDNJAG_02543	CDS	300				hypothetical protein
JEPDNJAG_02544	CDS	315				hypothetical protein
JEPDNJAG_02545	CDS	594				hypothetical protein
JEPDNJAG_02546	CDS	1224	nfdA	3.5.1.91		N-substituted formamide deformylase
JEPDNJAG_02547	CDS	210				hypothetical protein
JEPDNJAG_02548	CDS	576				hypothetical protein
JEPDNJAG_02549	CDS	900				hypothetical protein
JEPDNJAG_02550	CDS	693				hypothetical protein
JEPDNJAG_02551	CDS	783	lvr	1.1.1.-		Levodione reductase
JEPDNJAG_02552	CDS	2106				hypothetical protein
JEPDNJAG_02553	CDS	462				hypothetical protein
JEPDNJAG_02554	CDS	258				hypothetical protein
JEPDNJAG_02555	CDS	1614				hypothetical protein
JEPDNJAG_02556	CDS	99				hypothetical protein
JEPDNJAG_02557	CDS	681				hypothetical protein
JEPDNJAG_02558	CDS	255				hypothetical protein
JEPDNJAG_02559	CDS	954	apbE_1	2.7.1.180	COG1477	FAD:protein FMN transferase
JEPDNJAG_02560	CDS	1404	iolG_15	1.1.1.369		Inositol 2-dehydrogenase/D-chiro-inositol 3-dehydrogenase
JEPDNJAG_02561	CDS	1338	iolG_16	1.1.1.369		Inositol 2-dehydrogenase/D-chiro-inositol 3-dehydrogenase
JEPDNJAG_02562	CDS	324				hypothetical protein
JEPDNJAG_02563	CDS	612				hypothetical protein
JEPDNJAG_02564	CDS	357				hypothetical protein
JEPDNJAG_02565	CDS	633				hypothetical protein
JEPDNJAG_02566	CDS	240				hypothetical protein
JEPDNJAG_02567	CDS	204				hypothetical protein
JEPDNJAG_02568	CDS	360				hypothetical protein
JEPDNJAG_02569	CDS	1617	ggt_3	3.4.19.13	COG0405	Glutathione hydrolase proenzyme
JEPDNJAG_02570	CDS	255				hypothetical protein
JEPDNJAG_02571	CDS	900	araD	4.2.1.43		L-2-keto-3-deoxyarabonate dehydratase
JEPDNJAG_02572	CDS	1665				hypothetical protein
JEPDNJAG_02573	CDS	786				hypothetical protein
JEPDNJAG_02574	CDS	720				hypothetical protein
JEPDNJAG_02575	CDS	714	gdhI	1.1.1.47		Glucose 1-dehydrogenase 1
JEPDNJAG_02576	CDS	306				hypothetical protein
JEPDNJAG_02577	CDS	1152				hypothetical protein
JEPDNJAG_02578	CDS	1287				hypothetical protein
JEPDNJAG_02579	CDS	1278	cnrA_1			Nickel and cobalt resistance protein CnrA
JEPDNJAG_02580	CDS	354	epsM	2.3.1.203	COG0110	UDP-N-acetylbacillosamine N-acetyltransferase
JEPDNJAG_02581	CDS	882	hisF_2	4.3.2.10		Imidazole glycerol phosphate synthase subunit HisF
JEPDNJAG_02582	CDS	678	hisH	4.3.2.10	COG0118	Imidazole glycerol phosphate synthase subunit HisH
JEPDNJAG_02583	CDS	1257				hypothetical protein
JEPDNJAG_02584	CDS	762				hypothetical protein
JEPDNJAG_02585	CDS	897				hypothetical protein
JEPDNJAG_02586	CDS	366	cheY		COG2201	Chemotaxis protein CheY
JEPDNJAG_02587	CDS	558	cheB_4	3.1.1.61	COG2201	Protein-glutamate methylesterase/protein-glutamine glutaminase
JEPDNJAG_02588	CDS	702				hypothetical protein
JEPDNJAG_02589	CDS	645				hypothetical protein
JEPDNJAG_02590	CDS	1041				hypothetical protein
JEPDNJAG_02591	CDS	1389				hypothetical protein
JEPDNJAG_02592	CDS	837				hypothetical protein
JEPDNJAG_02593	CDS	678	rmpA	4.1.2.43		3-hexulose-6-phosphate synthase
JEPDNJAG_02594	CDS	150				hypothetical protein
JEPDNJAG_02595	CDS	1164				hypothetical protein
JEPDNJAG_02596	CDS	156				hypothetical protein
JEPDNJAG_02597	CDS	225				hypothetical protein
JEPDNJAG_02598	CDS	138				hypothetical protein
JEPDNJAG_02599	CDS	912				hypothetical protein
JEPDNJAG_02600	CDS	1011	apsD_2	1.1.1.420		D-apiose dehydrogenase
JEPDNJAG_02601	CDS	687				hypothetical protein
JEPDNJAG_02602	CDS	516				hypothetical protein
JEPDNJAG_02603	CDS	243				hypothetical protein
JEPDNJAG_02604	CDS	816				hypothetical protein
JEPDNJAG_02605	CDS	600				hypothetical protein
JEPDNJAG_02606	CDS	720	pyrG	6.3.4.2		CTP synthase
JEPDNJAG_02607	CDS	1227				hypothetical protein
JEPDNJAG_02608	CDS	396				hypothetical protein
JEPDNJAG_02609	CDS	312				hypothetical protein
JEPDNJAG_02610	CDS	963	lpxL_3	2.3.1.241	COG1560	Lipid A biosynthesis lauroyltransferase
JEPDNJAG_02611	CDS	441				hypothetical protein
JEPDNJAG_02612	CDS	261				hypothetical protein
JEPDNJAG_02613	CDS	1284	ugpB_1		COG1653	sn-glycerol-3-phosphate-binding periplasmic protein UgpB
JEPDNJAG_02614	CDS	660	araQ		COG0395	Arabinooligosaccharides transport system permease protein AraQ
JEPDNJAG_02615	CDS	663	polX		COG1387	DNA polymerase/3'-5' exonuclease PolX
JEPDNJAG_02616	CDS	600				hypothetical protein
JEPDNJAG_02617	CDS	213				hypothetical protein
JEPDNJAG_02618	CDS	543				hypothetical protein
JEPDNJAG_02619	CDS	705				hypothetical protein
JEPDNJAG_02620	CDS	696				hypothetical protein
JEPDNJAG_02621	CDS	228				hypothetical protein
JEPDNJAG_02622	CDS	1401	cotB4_2	1.14.99.62		Cyclooctatin synthase
JEPDNJAG_02623	CDS	501				hypothetical protein
JEPDNJAG_02624	CDS	960				hypothetical protein
JEPDNJAG_02625	CDS	750				hypothetical protein
JEPDNJAG_02626	CDS	1647	gapN	1.2.1.9		NADP-dependent glyceraldehyde-3-phosphate dehydrogenase
JEPDNJAG_02627	CDS	891				hypothetical protein
JEPDNJAG_02628	CDS	522	hsaB	1.5.1.36	COG1853	Flavin-dependent monooxygenase, reductase subunit HsaB
JEPDNJAG_02629	CDS	771	fabG_5	1.1.1.100		3-oxoacyl-[acyl-carrier-protein] reductase FabG
JEPDNJAG_02630	CDS	645	liaR		COG2197	Transcriptional regulatory protein LiaR
JEPDNJAG_02631	CDS	1320	msald	4.1.2.-		Alpha-methylserine aldolase
JEPDNJAG_02632	CDS	210				hypothetical protein
JEPDNJAG_02633	CDS	372	arcC	2.7.2.2		Carbamate kinase
JEPDNJAG_02634	CDS	630	ybhS_3		COG0842	putative multidrug ABC transporter permease YbhS
JEPDNJAG_02635	CDS	1548				hypothetical protein
JEPDNJAG_02636	CDS	210				hypothetical protein
JEPDNJAG_02637	CDS	735				hypothetical protein
JEPDNJAG_02638	CDS	549				hypothetical protein
JEPDNJAG_02639	CDS	825				hypothetical protein
JEPDNJAG_02640	CDS	402	vapC_5	3.1.-.-		tRNA(fMet)-specific endonuclease VapC
JEPDNJAG_02641	CDS	321				hypothetical protein
JEPDNJAG_02642	CDS	2472	hcrA	1.1.7.1		4-hydroxybenzoyl-CoA reductase subunit alpha
JEPDNJAG_02643	CDS	246				hypothetical protein
JEPDNJAG_02644	CDS	1254				hypothetical protein
JEPDNJAG_02645	CDS	645		4.2.1.84		Low-molecular weight cobalt-containing nitrile hydratase subunit alpha
JEPDNJAG_02646	CDS	285	nthB	4.2.1.84		Nitrile hydratase subunit beta
JEPDNJAG_02647	CDS	525				hypothetical protein
JEPDNJAG_02648	CDS	333				hypothetical protein
JEPDNJAG_02649	CDS	468				hypothetical protein
JEPDNJAG_02650	CDS	675				hypothetical protein
JEPDNJAG_02651	CDS	294				hypothetical protein
JEPDNJAG_02652	CDS	255	acpP_2		COG0236	Acyl carrier protein
JEPDNJAG_02653	CDS	198				hypothetical protein
JEPDNJAG_02654	CDS	1026				hypothetical protein
JEPDNJAG_02655	CDS	657	pipB2			Secreted effector protein PipB2
JEPDNJAG_02656	CDS	930				hypothetical protein
JEPDNJAG_02657	CDS	774				hypothetical protein
JEPDNJAG_02658	CDS	435				hypothetical protein
JEPDNJAG_02659	CDS	1050				hypothetical protein
JEPDNJAG_02660	CDS	885				hypothetical protein
JEPDNJAG_02661	CDS	813				hypothetical protein
JEPDNJAG_02662	CDS	465				hypothetical protein
JEPDNJAG_02663	CDS	471				hypothetical protein
JEPDNJAG_02664	CDS	282	higB-1		COG3549	Toxin HigB-1
JEPDNJAG_02665	CDS	276	ybaQ		COG3093	putative HTH-type transcriptional regulator YbaQ
JEPDNJAG_02666	CDS	174				hypothetical protein
JEPDNJAG_02667	CDS	999				hypothetical protein
JEPDNJAG_02668	CDS	408				hypothetical protein
JEPDNJAG_02669	CDS	315				hypothetical protein
JEPDNJAG_02670	CDS	1326				hypothetical protein
JEPDNJAG_02671	CDS	735				hypothetical protein
JEPDNJAG_02672	CDS	138				hypothetical protein
JEPDNJAG_02673	CDS	171				hypothetical protein
JEPDNJAG_02674	CDS	471	ywlF	5.3.1.-	COG0698	Putative sugar phosphate isomerase YwlF
JEPDNJAG_02675	CDS	1059				hypothetical protein
JEPDNJAG_02676	CDS	219				hypothetical protein
JEPDNJAG_02677	CDS	996				hypothetical protein
JEPDNJAG_02678	CDS	498				hypothetical protein
JEPDNJAG_02679	CDS	1167	iolG_17	1.1.1.369		Inositol 2-dehydrogenase/D-chiro-inositol 3-dehydrogenase
JEPDNJAG_02680	CDS	237	nadC	2.4.2.19	COG0157	Nicotinate-nucleotide pyrophosphorylase [carboxylating]
JEPDNJAG_02681	CDS	1917	rcsC_20	2.7.13.3		Sensor histidine kinase RcsC
JEPDNJAG_02682	CDS	303				hypothetical protein
JEPDNJAG_02683	CDS	810				hypothetical protein
JEPDNJAG_02684	CDS	831		3.1.1.120	COG3618	L-fucono-1,5-lactonase
JEPDNJAG_02685	CDS	633				hypothetical protein
JEPDNJAG_02686	CDS	717				hypothetical protein
JEPDNJAG_02687	CDS	453				hypothetical protein
JEPDNJAG_02688	CDS	423				hypothetical protein
JEPDNJAG_02689	CDS	2010				hypothetical protein
JEPDNJAG_02690	CDS	126				hypothetical protein
JEPDNJAG_02691	CDS	393	fabZ_1	4.2.1.59		3-hydroxyacyl-[acyl-carrier-protein] dehydratase FabZ
JEPDNJAG_02692	CDS	1278	fabF_3	2.3.1.179	COG0304	3-oxoacyl-[acyl-carrier-protein] synthase 2
JEPDNJAG_02693	CDS	270				hypothetical protein
JEPDNJAG_02694	CDS	261				hypothetical protein
JEPDNJAG_02695	CDS	1041				hypothetical protein
JEPDNJAG_02696	CDS	738	acn	4.2.1.3	COG1048	Aconitate hydratase A
JEPDNJAG_02697	CDS	270				hypothetical protein
JEPDNJAG_02698	CDS	372				hypothetical protein
JEPDNJAG_02699	CDS	735	rph_2	2.7.7.56	COG0689	Ribonuclease PH
JEPDNJAG_02700	CDS	750				hypothetical protein
JEPDNJAG_02701	CDS	1098	dnaK2		COG0443	Chaperone protein DnaK2
JEPDNJAG_02702	CDS	1122	dnaJ_1		COG0484	Chaperone protein DnaJ
JEPDNJAG_02703	CDS	333				hypothetical protein
JEPDNJAG_02704	CDS	1077	xylA_2	5.3.1.5		Xylose isomerase
JEPDNJAG_02705	CDS	816				hypothetical protein
JEPDNJAG_02706	CDS	1245				hypothetical protein
JEPDNJAG_02707	CDS	147				hypothetical protein
JEPDNJAG_02708	CDS	639				hypothetical protein
JEPDNJAG_02709	CDS	1335	hemW		COG0635	Heme chaperone HemW
JEPDNJAG_02710	CDS	348			COG1520	Desiccation/radiation resistance protein
JEPDNJAG_02711	CDS	351		2.8.1.-	COG0607	Sulfurtransferase
JEPDNJAG_02712	CDS	936	celH_1	3.2.1.4	COG2730	Endoglucanase H
JEPDNJAG_02713	CDS	156				hypothetical protein
JEPDNJAG_02714	CDS	1008	UXNAcS_2	4.1.1.128	COG0451	UDP-N-acetyl-alpha-D-glucosaminuronate decarboxylase
JEPDNJAG_02715	CDS	1347	wecA	2.7.8.33		Undecaprenyl-phosphate alpha-N-acetylglucosaminyl 1-phosphate transferase
JEPDNJAG_02716	CDS	1017				hypothetical protein
JEPDNJAG_02717	CDS	639				hypothetical protein
JEPDNJAG_02718	CDS	459				hypothetical protein
JEPDNJAG_02719	CDS	306				hypothetical protein
JEPDNJAG_02720	CDS	453				hypothetical protein
JEPDNJAG_02721	CDS	684	apaH_2	3.6.1.41		Bis(5'-nucleosyl)-tetraphosphatase, symmetrical
JEPDNJAG_02722	CDS	423				hypothetical protein
JEPDNJAG_02723	CDS	309				hypothetical protein
JEPDNJAG_02724	CDS	513				hypothetical protein
JEPDNJAG_02725	CDS	1053	korB	1.2.7.3	COG1013	2-oxoglutarate oxidoreductase subunit KorB
JEPDNJAG_02726	CDS	291	korA	1.2.7.3	COG0674	2-oxoglutarate oxidoreductase subunit KorA
JEPDNJAG_02727	CDS	1023				hypothetical protein
JEPDNJAG_02728	CDS	225				hypothetical protein
JEPDNJAG_02729	CDS	321				hypothetical protein
JEPDNJAG_02730	CDS	360				hypothetical protein
JEPDNJAG_02731	CDS	339				hypothetical protein
JEPDNJAG_02732	CDS	678	sigH		COG1595	RNA polymerase sigma-H factor
JEPDNJAG_02733	CDS	648				hypothetical protein
JEPDNJAG_02734	CDS	339	rsfS			Ribosomal silencing factor RsfS
JEPDNJAG_02735	CDS	429	nadD	2.7.7.18	COG1057	putative nicotinate-nucleotide adenylyltransferase
JEPDNJAG_02736	CDS	333				hypothetical protein
JEPDNJAG_02737	CDS	2094				hypothetical protein
JEPDNJAG_02738	CDS	201				hypothetical protein
JEPDNJAG_02739	CDS	132				hypothetical protein
JEPDNJAG_02740	CDS	324				hypothetical protein
JEPDNJAG_02741	CDS	1422				hypothetical protein
JEPDNJAG_02742	CDS	2052				hypothetical protein
JEPDNJAG_02743	CDS	330				hypothetical protein
JEPDNJAG_02744	CDS	267				hypothetical protein
JEPDNJAG_02745	CDS	1713				hypothetical protein
JEPDNJAG_02746	CDS	849				hypothetical protein
JEPDNJAG_02747	CDS	1071				hypothetical protein
JEPDNJAG_02748	CDS	207				hypothetical protein
JEPDNJAG_02749	CDS	1428				hypothetical protein
JEPDNJAG_02750	CDS	480				hypothetical protein
JEPDNJAG_02751	CDS	1905	ggt_4	3.4.19.13	COG0405	Glutathione hydrolase proenzyme
JEPDNJAG_02752	CDS	399				hypothetical protein
JEPDNJAG_02753	CDS	861				hypothetical protein
JEPDNJAG_02754	CDS	843				hypothetical protein
JEPDNJAG_02755	CDS	159				hypothetical protein
JEPDNJAG_02756	CDS	633				hypothetical protein
JEPDNJAG_02757	CDS	1335	sctC_2			Type 3 secretion system secretin
JEPDNJAG_02758	CDS	1233	cheB_5	3.5.1.44		Protein-glutamate methylesterase/protein-glutamine glutaminase
JEPDNJAG_02759	CDS	684				hypothetical protein
JEPDNJAG_02760	CDS	1062	celH_2	3.2.1.4	COG2730	Endoglucanase H
JEPDNJAG_02761	CDS	111				hypothetical protein
JEPDNJAG_02762	CDS	420				hypothetical protein
JEPDNJAG_02763	CDS	321	divK_4			Polar-differentiation response regulator DivK
JEPDNJAG_02764	CDS	309				hypothetical protein
JEPDNJAG_02765	CDS	1434				hypothetical protein
JEPDNJAG_02766	CDS	282				hypothetical protein
JEPDNJAG_02767	CDS	708				hypothetical protein
JEPDNJAG_02768	CDS	273				hypothetical protein
JEPDNJAG_02769	CDS	1374				hypothetical protein
JEPDNJAG_02770	CDS	213				hypothetical protein
JEPDNJAG_02771	CDS	1485				hypothetical protein
JEPDNJAG_02772	CDS	1119				hypothetical protein
JEPDNJAG_02773	CDS	534	nudF	3.6.1.13	COG0494	ADP-ribose pyrophosphatase
JEPDNJAG_02774	CDS	1590	pcrA	5.6.2.4		ATP-dependent DNA helicase PcrA
JEPDNJAG_02775	CDS	1128				Ca(2+)/H(+) antiporter
JEPDNJAG_02776	CDS	1020				hypothetical protein
JEPDNJAG_02777	CDS	519				hypothetical protein
JEPDNJAG_02778	CDS	654				hypothetical protein
JEPDNJAG_02779	CDS	975	ppx2	3.6.1.11		Exopolyphosphatase 2
JEPDNJAG_02780	CDS	900				hypothetical protein
JEPDNJAG_02781	CDS	420				hypothetical protein
JEPDNJAG_02782	CDS	555				hypothetical protein
JEPDNJAG_02783	CDS	1485	proS	6.1.1.15	COG0442	Proline--tRNA ligase
JEPDNJAG_02784	CDS	159				hypothetical protein
JEPDNJAG_02785	CDS	681				hypothetical protein
JEPDNJAG_02786	CDS	858				hypothetical protein
JEPDNJAG_02787	CDS	819				hypothetical protein
JEPDNJAG_02788	CDS	1038				hypothetical protein
JEPDNJAG_02789	CDS	834	degA		COG1609	HTH-type transcriptional regulator DegA
JEPDNJAG_02790	CDS	714				hypothetical protein
JEPDNJAG_02791	CDS	1104	sldA_2	1.1.99.22		Glycerol dehydrogenase large subunit
JEPDNJAG_02792	CDS	1662				hypothetical protein
JEPDNJAG_02793	CDS	1230				hypothetical protein
JEPDNJAG_02794	CDS	1110				hypothetical protein
JEPDNJAG_02795	CDS	1458				hypothetical protein
JEPDNJAG_02796	CDS	1164				hypothetical protein
JEPDNJAG_02797	CDS	2325				hypothetical protein
JEPDNJAG_02798	CDS	393				hypothetical protein
JEPDNJAG_02799	CDS	903				hypothetical protein
JEPDNJAG_02800	CDS	585				hypothetical protein
JEPDNJAG_02801	CDS	1104				hypothetical protein
JEPDNJAG_02802	CDS	1602				hypothetical protein
JEPDNJAG_02803	CDS	1041				hypothetical protein
JEPDNJAG_02804	CDS	156				hypothetical protein
JEPDNJAG_02805	CDS	618	sir	1.8.7.1	COG0155	Sulfite reductase [ferredoxin]
JEPDNJAG_02806	CDS	693	amt		COG0004	Ammonium transporter
JEPDNJAG_02807	CDS	339	glnB_2		COG0347	Nitrogen regulatory protein P-II
JEPDNJAG_02808	CDS	165				hypothetical protein
JEPDNJAG_02809	CDS	462	nrdR		COG1327	Transcriptional repressor NrdR
JEPDNJAG_02810	CDS	525				hypothetical protein
JEPDNJAG_02811	CDS	123				hypothetical protein
JEPDNJAG_02812	CDS	537				hypothetical protein
JEPDNJAG_02813	CDS	855				hypothetical protein
JEPDNJAG_02814	CDS	300				hypothetical protein
JEPDNJAG_02815	CDS	345	glgB_2	2.4.1.18		1,4-alpha-glucan branching enzyme GlgB
JEPDNJAG_02816	CDS	1080	purM	6.3.3.1	COG0150	Phosphoribosylformylglycinamidine cyclo-ligase
JEPDNJAG_02817	CDS	954				hypothetical protein
JEPDNJAG_02818	CDS	546	rmlC	5.1.3.13		dTDP-4-dehydrorhamnose 3,5-epimerase
JEPDNJAG_02819	CDS	399	ble			Bleomycin resistance protein
JEPDNJAG_02820	CDS	381				hypothetical protein
JEPDNJAG_02821	CDS	315				hypothetical protein
JEPDNJAG_02822	CDS	387				hypothetical protein
JEPDNJAG_02823	CDS	216				hypothetical protein
JEPDNJAG_02824	CDS	921				hypothetical protein
JEPDNJAG_02825	CDS	771				hypothetical protein
JEPDNJAG_02826	CDS	240				hypothetical protein
JEPDNJAG_02827	CDS	780				hypothetical protein
JEPDNJAG_02828	CDS	306				hypothetical protein
JEPDNJAG_02829	CDS	468				hypothetical protein
JEPDNJAG_02830	CDS	324				hypothetical protein
JEPDNJAG_02831	CDS	2505				hypothetical protein
JEPDNJAG_02832	CDS	861				hypothetical protein
JEPDNJAG_02833	CDS	408	pfkA	2.7.1.11		ATP-dependent 6-phosphofructokinase
JEPDNJAG_02834	CDS	1029	yajO_2	1.1.-.-	COG0667	1-deoxyxylulose-5-phosphate synthase YajO
JEPDNJAG_02835	CDS	687				hypothetical protein
JEPDNJAG_02836	CDS	1239				hypothetical protein
JEPDNJAG_02837	CDS	657	dedA			DedA family protein
JEPDNJAG_02838	CDS	213				hypothetical protein
JEPDNJAG_02839	CDS	723		3.5.1.104		Peptidoglycan-N-acetylglucosamine deacetylase
JEPDNJAG_02840	CDS	546	pyrR			Bifunctional protein PyrR
JEPDNJAG_02841	CDS	873				hypothetical protein
JEPDNJAG_02842	CDS	369	ndhC_3	7.1.1.-	COG0838	NAD(P)H-quinone oxidoreductase subunit 3
JEPDNJAG_02843	CDS	621	ndhK	7.1.1.-		NAD(P)H-quinone oxidoreductase subunit K, chloroplastic
JEPDNJAG_02844	CDS	462	nuoC	7.1.1.-	COG0649	NADH-quinone oxidoreductase subunit C/D
JEPDNJAG_02845	CDS	1164	nqo4	7.1.1.-	COG0649	NADH-quinone oxidoreductase subunit 4
JEPDNJAG_02846	CDS	288				hypothetical protein
JEPDNJAG_02847	CDS	1491				hypothetical protein
JEPDNJAG_02848	CDS	927				hypothetical protein
JEPDNJAG_02849	CDS	936				hypothetical protein
JEPDNJAG_02850	CDS	903	dpnM	2.1.1.72		Type II methyltransferase M1.DpnII
JEPDNJAG_02851	CDS	1548	ywjA		COG1132	putative ABC transporter ATP-binding protein YwjA
JEPDNJAG_02852	CDS	465	folD		COG0190	Bifunctional protein FolD protein
JEPDNJAG_02853	CDS	732	kanJ	1.14.11.37		Kanamycin B dioxygenase
JEPDNJAG_02854	CDS	369				hypothetical protein
JEPDNJAG_02855	CDS	930	bepA_4	3.4.-.-		Beta-barrel assembly-enhancing protease
JEPDNJAG_02856	CDS	438	dtd	3.1.1.96	COG1490	D-aminoacyl-tRNA deacylase
JEPDNJAG_02857	CDS	270				hypothetical protein
JEPDNJAG_02858	CDS	963	rluD	5.4.99.23		Ribosomal large subunit pseudouridine synthase D
JEPDNJAG_02859	CDS	462				hypothetical protein
JEPDNJAG_02860	CDS	381				hypothetical protein
JEPDNJAG_02861	CDS	771				hypothetical protein
JEPDNJAG_02862	CDS	2652				hypothetical protein
JEPDNJAG_02863	CDS	645				hypothetical protein
JEPDNJAG_02864	CDS	897				hypothetical protein
JEPDNJAG_02865	CDS	432				hypothetical protein
JEPDNJAG_02866	CDS	309				hypothetical protein
JEPDNJAG_02867	CDS	387				hypothetical protein
JEPDNJAG_02868	CDS	306				hypothetical protein
JEPDNJAG_02869	CDS	843				hypothetical protein
JEPDNJAG_02870	CDS	183				hypothetical protein
JEPDNJAG_02871	CDS	1347				hypothetical protein
JEPDNJAG_02872	CDS	417				hypothetical protein
JEPDNJAG_02873	CDS	411	xerD			Tyrosine recombinase XerD
JEPDNJAG_02874	CDS	267				hypothetical protein
JEPDNJAG_02875	CDS	1395	iolG_18	1.1.1.369		Inositol 2-dehydrogenase/D-chiro-inositol 3-dehydrogenase
JEPDNJAG_02876	CDS	1005	apbE_2	2.7.1.180	COG1477	FAD:protein FMN transferase
JEPDNJAG_02877	CDS	369	rplT			Large ribosomal subunit protein bL20
JEPDNJAG_02878	CDS	201	rpmI		COG0291	Large ribosomal subunit protein bL35
JEPDNJAG_02879	CDS	1737	thrS	6.1.1.3	COG0441	Threonine--tRNA ligase
JEPDNJAG_02880	CDS	216				hypothetical protein
JEPDNJAG_02881	CDS	651				hypothetical protein
JEPDNJAG_02882	CDS	519				hypothetical protein
JEPDNJAG_02883	CDS	102				hypothetical protein
JEPDNJAG_02884	CDS	258				hypothetical protein
JEPDNJAG_02885	CDS	219				hypothetical protein
JEPDNJAG_02886	CDS	918				hypothetical protein
JEPDNJAG_02887	CDS	291				hypothetical protein
JEPDNJAG_02888	CDS	195				hypothetical protein
JEPDNJAG_02889	CDS	1485	pyk	2.7.1.40		Pyruvate kinase
JEPDNJAG_02890	CDS	765				hypothetical protein
JEPDNJAG_02891	CDS	618	ychF		COG0012	Ribosome-binding ATPase YchF
JEPDNJAG_02892	CDS	1008	tagO	2.7.8.33	COG0472	putative undecaprenyl-phosphate N-acetylglucosaminyl 1-phosphate transferase
JEPDNJAG_02893	CDS	687				hypothetical protein
JEPDNJAG_02894	CDS	207				hypothetical protein
JEPDNJAG_02895	CDS	579	acpH	3.1.4.14	COG3124	Acyl carrier protein phosphodiesterase
JEPDNJAG_02896	CDS	810		4.1.2.-		Hydroxypyruvate/pyruvate aldolase
JEPDNJAG_02897	CDS	420				hypothetical protein
JEPDNJAG_02898	CDS	1368				hypothetical protein
JEPDNJAG_02899	CDS	267				hypothetical protein
JEPDNJAG_02900	CDS	261				hypothetical protein
JEPDNJAG_02901	CDS	249				hypothetical protein
JEPDNJAG_02902	CDS	207				hypothetical protein
JEPDNJAG_02903	CDS	696	rsbW_2	2.7.11.1		Serine-protein kinase RsbW
JEPDNJAG_02904	CDS	165				hypothetical protein
JEPDNJAG_02905	CDS	1431	dap_2	3.4.11.19		D-aminopeptidase
JEPDNJAG_02906	CDS	630				hypothetical protein
JEPDNJAG_02907	CDS	309				hypothetical protein
JEPDNJAG_02908	CDS	639				hypothetical protein
JEPDNJAG_02909	CDS	117				hypothetical protein
JEPDNJAG_02910	CDS	264				hypothetical protein
JEPDNJAG_02911	CDS	261				hypothetical protein
JEPDNJAG_02912	CDS	456				hypothetical protein
JEPDNJAG_02913	CDS	243				hypothetical protein
JEPDNJAG_02914	CDS	1404				hypothetical protein
JEPDNJAG_02915	CDS	204	cheB1	3.1.1.61		Protein-glutamate methylesterase/protein-glutamine glutaminase 1
JEPDNJAG_02916	CDS	699	chrR		COG3806	Anti-sigma-E factor ChrR
JEPDNJAG_02917	CDS	618	rpoE_1		COG1595	ECF RNA polymerase sigma factor RpoE
JEPDNJAG_02918	CDS	1077				hypothetical protein
JEPDNJAG_02919	CDS	1878				hypothetical protein
JEPDNJAG_02920	CDS	1290				hypothetical protein
JEPDNJAG_02921	CDS	1266				hypothetical protein
JEPDNJAG_02922	CDS	726				hypothetical protein
JEPDNJAG_02923	CDS	198				hypothetical protein
JEPDNJAG_02924	CDS	189				hypothetical protein
JEPDNJAG_02925	CDS	855	gtaB	2.7.7.9	COG1210	UTP--glucose-1-phosphate uridylyltransferase
JEPDNJAG_02926	CDS	1632				hypothetical protein
JEPDNJAG_02927	CDS	822	dpe	5.1.3.30	COG1082	D-psicose 3-epimerase
JEPDNJAG_02928	CDS	1101	iolX	1.1.1.370	COG0673	scyllo-inositol 2-dehydrogenase (NAD(+))
JEPDNJAG_02929	CDS	1239	kanB_2	2.6.1.100		L-glutamine:2-deoxy-scyllo-inosose aminotransferase
JEPDNJAG_02930	CDS	309				hypothetical protein
JEPDNJAG_02931	CDS	192				hypothetical protein
JEPDNJAG_02932	CDS	144				hypothetical protein
JEPDNJAG_02933	CDS	426				hypothetical protein
JEPDNJAG_02934	CDS	480				hypothetical protein
JEPDNJAG_02935	CDS	441				hypothetical protein
JEPDNJAG_02936	CDS	1113				hypothetical protein
JEPDNJAG_02937	CDS	735				hypothetical protein
JEPDNJAG_02938	CDS	1023				hypothetical protein
JEPDNJAG_02939	CDS	1785	cpoB_2			Cell division coordinator CpoB
JEPDNJAG_02940	CDS	2076	lapB_2			Lipopolysaccharide assembly protein B
JEPDNJAG_02941	CDS	549				hypothetical protein
JEPDNJAG_02942	CDS	1125				hypothetical protein
JEPDNJAG_02943	CDS	360				hypothetical protein
JEPDNJAG_02944	CDS	411				IS200/IS605 family transposase ISAsp20
JEPDNJAG_02945	CDS	789	recF_1			DNA replication and repair protein RecF
JEPDNJAG_02946	CDS	945				hypothetical protein
JEPDNJAG_02947	CDS	1998	mutSB	3.6.4.-	COG1193	Putative endonuclease MutS2
JEPDNJAG_02948	CDS	807				hypothetical protein
JEPDNJAG_02949	CDS	531	rimI_4	2.3.1.266		[Ribosomal protein bS18]-alanine N-acetyltransferase
JEPDNJAG_02950	CDS	729	tsaB		COG1214	tRNA threonylcarbamoyladenosine biosynthesis protein TsaB
JEPDNJAG_02951	CDS	387	tsaE		COG0802	tRNA threonylcarbamoyladenosine biosynthesis protein TsaE
JEPDNJAG_02952	CDS	612				hypothetical protein
JEPDNJAG_02953	CDS	1296	pncB2	6.3.4.21		Nicotinate phosphoribosyltransferase pncB2
JEPDNJAG_02954	CDS	261				hypothetical protein
JEPDNJAG_02955	CDS	342	ttuD		COG2897	Sulfur carrier protein TtuD
JEPDNJAG_02956	CDS	1791				hypothetical protein
JEPDNJAG_02957	CDS	600	mobA	2.7.7.77	COG0746	putative molybdenum cofactor guanylyltransferase
JEPDNJAG_02958	CDS	1041	hndC	1.12.1.3		NADP-reducing hydrogenase subunit HndC
JEPDNJAG_02959	CDS	1536				hypothetical protein
JEPDNJAG_02960	CDS	342				hypothetical protein
JEPDNJAG_02961	CDS	324				hypothetical protein
JEPDNJAG_02962	CDS	228				hypothetical protein
JEPDNJAG_02963	CDS	1500				hypothetical protein
JEPDNJAG_02964	CDS	1167				hypothetical protein
JEPDNJAG_02965	CDS	408				hypothetical protein
JEPDNJAG_02966	CDS	942				hypothetical protein
JEPDNJAG_02967	CDS	801				hypothetical protein
JEPDNJAG_02968	CDS	1140	cytR		COG1609	HTH-type transcriptional repressor CytR
JEPDNJAG_02969	CDS	279	rcsC_21	2.7.13.3		Sensor histidine kinase RcsC
JEPDNJAG_02970	CDS	1722	asnB_2	6.3.5.4	COG0367	Asparagine synthetase [glutamine-hydrolyzing] 1
JEPDNJAG_02971	CDS	1449				hypothetical protein
JEPDNJAG_02972	CDS	306				hypothetical protein
JEPDNJAG_02973	CDS	891				hypothetical protein
JEPDNJAG_02974	CDS	852				hypothetical protein
JEPDNJAG_02975	CDS	177				hypothetical protein
JEPDNJAG_02976	CDS	1512				hypothetical protein
JEPDNJAG_02977	CDS	327				hypothetical protein
JEPDNJAG_02978	CDS	1074	iolG_19	1.1.1.369		Inositol 2-dehydrogenase/D-chiro-inositol 3-dehydrogenase
JEPDNJAG_02979	CDS	1263				hypothetical protein
JEPDNJAG_02980	CDS	204				hypothetical protein
JEPDNJAG_02981	CDS	138				hypothetical protein
JEPDNJAG_02982	CDS	150				hypothetical protein
JEPDNJAG_02983	CDS	198				hypothetical protein
JEPDNJAG_02984	CDS	348				hypothetical protein
JEPDNJAG_02985	CDS	903				hypothetical protein
JEPDNJAG_02986	CDS	1347	iolG_20	1.1.1.369		Inositol 2-dehydrogenase/D-chiro-inositol 3-dehydrogenase
JEPDNJAG_02987	CDS	1311	ugpB_2		COG1653	sn-glycerol-3-phosphate-binding periplasmic protein UgpB
JEPDNJAG_02988	CDS	1101	uhpC		COG2271	Membrane sensor protein UhpC
JEPDNJAG_02989	CDS	1062	metE_2	2.1.1.14	COG0620	5-methyltetrahydropteroyltriglutamate--homocysteine methyltransferase
JEPDNJAG_02990	CDS	1035				hypothetical protein
JEPDNJAG_02991	CDS	459				hypothetical protein
JEPDNJAG_02992	CDS	990				hypothetical protein
JEPDNJAG_02993	CDS	369				hypothetical protein
JEPDNJAG_02994	CDS	360				hypothetical protein
JEPDNJAG_02995	CDS	450				hypothetical protein
JEPDNJAG_02996	CDS	960				hypothetical protein
JEPDNJAG_02997	CDS	210				hypothetical protein
JEPDNJAG_02998	tRNA	72				tRNA-Gln(ttg)
JEPDNJAG_02999	CDS	723				hypothetical protein
JEPDNJAG_03000	CDS	171				hypothetical protein
JEPDNJAG_03001	CDS	282				hypothetical protein
JEPDNJAG_03002	CDS	831				hypothetical protein
JEPDNJAG_03003	CDS	390				hypothetical protein
JEPDNJAG_03004	CDS	1395	pknD_2	2.7.11.1		Serine/threonine-protein kinase PknD
JEPDNJAG_03005	CDS	1659				hypothetical protein
JEPDNJAG_03006	CDS	1071	cheB2_2	3.1.1.61		Protein-glutamate methylesterase/protein-glutamine glutaminase 2
JEPDNJAG_03007	CDS	1029	cheAY	2.7.13.3	COG0643	Sensor histidine kinase CheAY
JEPDNJAG_03008	CDS	372	LRA5	1.1.1.401	COG1028	2-dehydro-3-deoxy-L-rhamnonate dehydrogenase (NAD(+))
JEPDNJAG_03009	CDS	270				hypothetical protein
JEPDNJAG_03010	CDS	171				hypothetical protein
JEPDNJAG_03011	CDS	642				hypothetical protein
JEPDNJAG_03012	CDS	651				hypothetical protein
JEPDNJAG_03013	CDS	258				hypothetical protein
JEPDNJAG_03014	CDS	594				hypothetical protein
JEPDNJAG_03015	CDS	297	panD	4.1.1.11	COG0853	Aspartate 1-decarboxylase
JEPDNJAG_03016	CDS	669	thiE_1	2.5.1.3	COG0352	Thiamine-phosphate synthase
JEPDNJAG_03017	CDS	501				hypothetical protein
JEPDNJAG_03018	CDS	768				hypothetical protein
JEPDNJAG_03019	CDS	1515				hypothetical protein
JEPDNJAG_03020	CDS	201				hypothetical protein
JEPDNJAG_03021	CDS	1200				hypothetical protein
JEPDNJAG_03022	CDS	1011	moxR1_2		COG0714	Chaperone MoxR1
JEPDNJAG_03023	CDS	483				hypothetical protein
JEPDNJAG_03024	CDS	366				hypothetical protein
JEPDNJAG_03025	CDS	462				hypothetical protein
JEPDNJAG_03026	CDS	861				hypothetical protein
JEPDNJAG_03027	CDS	210				hypothetical protein
JEPDNJAG_03028	CDS	138				hypothetical protein
JEPDNJAG_03029	CDS	540				hypothetical protein
JEPDNJAG_03030	CDS	1092				hypothetical protein
JEPDNJAG_03031	CDS	342				hypothetical protein
JEPDNJAG_03032	CDS	147				hypothetical protein
JEPDNJAG_03033	CDS	537				hypothetical protein
JEPDNJAG_03034	CDS	285				hypothetical protein
JEPDNJAG_03035	CDS	753	lpxD_1	2.3.1.191		UDP-3-O-(3-hydroxymyristoyl)glucosamine N-acyltransferase
JEPDNJAG_03036	CDS	1107				hypothetical protein
JEPDNJAG_03037	CDS	393			COG0745	Response regulator RR06
JEPDNJAG_03038	CDS	792				hypothetical protein
JEPDNJAG_03039	CDS	432				hypothetical protein
JEPDNJAG_03040	CDS	771				hypothetical protein
JEPDNJAG_03041	CDS	147				hypothetical protein
JEPDNJAG_03042	CDS	867	tam	2.1.1.144	COG4106	Trans-aconitate 2-methyltransferase
JEPDNJAG_03043	CDS	1206				hypothetical protein
JEPDNJAG_03044	CDS	312				hypothetical protein
JEPDNJAG_03045	CDS	1128	tgt	2.4.2.29	COG0343	Queuine tRNA-ribosyltransferase
JEPDNJAG_03046	CDS	1062	ghrB_2	1.1.1.81		Glyoxylate/hydroxypyruvate reductase B
JEPDNJAG_03047	CDS	567				hypothetical protein
JEPDNJAG_03048	CDS	1074	rfbE	5.1.3.10	COG0451	CDP-paratose 2-epimerase
JEPDNJAG_03049	CDS	819	arnC	2.4.2.53		Undecaprenyl-phosphate 4-deoxy-4-formamido-L-arabinose transferase
JEPDNJAG_03050	CDS	1017				hypothetical protein
JEPDNJAG_03051	CDS	648	etfA			Electron transfer flavoprotein subunit alpha
JEPDNJAG_03052	CDS	1623				hypothetical protein
JEPDNJAG_03053	CDS	381				hypothetical protein
JEPDNJAG_03054	CDS	387				hypothetical protein
JEPDNJAG_03055	CDS	1179				hypothetical protein
JEPDNJAG_03056	CDS	297				hypothetical protein
JEPDNJAG_03057	CDS	369				hypothetical protein
JEPDNJAG_03058	CDS	357				hypothetical protein
JEPDNJAG_03059	CDS	477				hypothetical protein
JEPDNJAG_03060	CDS	183				hypothetical protein
JEPDNJAG_03061	CDS	108				hypothetical protein
JEPDNJAG_03062	CDS	1293				hypothetical protein
JEPDNJAG_03063	CDS	318				hypothetical protein
JEPDNJAG_03064	CDS	1104	rlmN	2.1.1.192		putative dual-specificity RNA methyltransferase RlmN
JEPDNJAG_03065	CDS	204				hypothetical protein
JEPDNJAG_03066	CDS	135				hypothetical protein
JEPDNJAG_03067	CDS	375				hypothetical protein
JEPDNJAG_03068	CDS	1839				hypothetical protein
JEPDNJAG_03069	CDS	2304				hypothetical protein
JEPDNJAG_03070	CDS	459				hypothetical protein
JEPDNJAG_03071	CDS	453				hypothetical protein
JEPDNJAG_03072	CDS	1110				hypothetical protein
JEPDNJAG_03073	CDS	822				hypothetical protein
JEPDNJAG_03074	CDS	657				hypothetical protein
JEPDNJAG_03075	CDS	690				hypothetical protein
JEPDNJAG_03076	CDS	852				hypothetical protein
JEPDNJAG_03077	CDS	315				hypothetical protein
JEPDNJAG_03078	CDS	561				hypothetical protein
JEPDNJAG_03079	CDS	1161	bamB_2			Outer membrane protein assembly factor BamB
JEPDNJAG_03080	CDS	912	ybdL	2.6.1.88	COG0436	Methionine aminotransferase
JEPDNJAG_03081	CDS	642		3.-.-.-	COG0491	putative protein
JEPDNJAG_03082	CDS	1044	ruvB_1	3.6.4.-		Holliday junction branch migration complex subunit RuvB
JEPDNJAG_03083	CDS	450				hypothetical protein
JEPDNJAG_03084	CDS	1050	exuR		COG1609	putative HTH-type transcriptional repressor ExuR
JEPDNJAG_03085	CDS	111				hypothetical protein
JEPDNJAG_03086	CDS	1032	ribY		COG0715	Riboflavin-binding protein RibY
JEPDNJAG_03087	CDS	522				hypothetical protein
JEPDNJAG_03088	CDS	960	clpC		COG0542	ATP-dependent Clp protease ATP-binding subunit ClpC
JEPDNJAG_03089	CDS	2904	radA			DNA repair protein RadA
JEPDNJAG_03090	CDS	936	glkA	2.7.1.2	COG1940	Glucokinase
JEPDNJAG_03091	CDS	1116				hypothetical protein
JEPDNJAG_03092	CDS	1116				hypothetical protein
JEPDNJAG_03093	CDS	1710	yprA	3.6.4.-	COG1111	putative ATP-dependent helicase YprA
JEPDNJAG_03094	CDS	1110	amtA	2.1.4.3		L-arginine:L-lysine amidinotransferase
JEPDNJAG_03095	CDS	357	ppk	2.7.4.1		Polyphosphate kinase
JEPDNJAG_03096	CDS	687	degU_2		COG2197	Transcriptional regulatory protein DegU
JEPDNJAG_03097	CDS	357	devR			DNA-binding transcriptional activator DevR/DosR
JEPDNJAG_03098	tRNA	89				tRNA-Val(gac)
JEPDNJAG_03099	CDS	291				hypothetical protein
JEPDNJAG_03100	CDS	468		3.6.1.25	COG2954	Inorganic triphosphatase
JEPDNJAG_03101	CDS	369				hypothetical protein
JEPDNJAG_03102	CDS	873				hypothetical protein
JEPDNJAG_03103	CDS	249				hypothetical protein
JEPDNJAG_03104	CDS	468				hypothetical protein
JEPDNJAG_03105	CDS	264				hypothetical protein
JEPDNJAG_03106	CDS	471				hypothetical protein
JEPDNJAG_03107	CDS	237				hypothetical protein
JEPDNJAG_03108	CDS	897				hypothetical protein
JEPDNJAG_03109	CDS	1599				hypothetical protein
JEPDNJAG_03110	CDS	744				hypothetical protein
JEPDNJAG_03111	CDS	1047	copA_2	7.2.2.8	COG2217	Copper-exporting P-type ATPase
JEPDNJAG_03112	CDS	267				hypothetical protein
JEPDNJAG_03113	CDS	1665				hypothetical protein
JEPDNJAG_03114	CDS	465				hypothetical protein
JEPDNJAG_03115	CDS	1947				hypothetical protein
JEPDNJAG_03116	CDS	459	rsbU	3.1.3.3	COG2208	Phosphoserine phosphatase RsbU
JEPDNJAG_03117	CDS	753	rsmG	2.1.1.-	COG0357	Ribosomal RNA small subunit methyltransferase G
JEPDNJAG_03118	CDS	795	rsbW_3	2.7.11.1		Serine-protein kinase RsbW
JEPDNJAG_03119	CDS	447	mraZ			Transcriptional regulator MraZ
JEPDNJAG_03120	CDS	627				hypothetical protein
JEPDNJAG_03121	CDS	894	dagK	2.7.1.107		Diacylglycerol kinase
JEPDNJAG_03122	CDS	645				hypothetical protein
JEPDNJAG_03123	CDS	1368				hypothetical protein
JEPDNJAG_03124	CDS	486				hypothetical protein
JEPDNJAG_03125	CDS	303				hypothetical protein
JEPDNJAG_03126	CDS	384		3.1.1.99		6-deoxy-6-sulfogluconolactonase
JEPDNJAG_03127	CDS	1038				hypothetical protein
JEPDNJAG_03128	CDS	1140		3.1.6.-	COG3119	Ulvan-active sulfatase
JEPDNJAG_03129	CDS	708				hypothetical protein
JEPDNJAG_03130	CDS	762	menH_2	4.2.99.20		2-succinyl-6-hydroxy-2,4-cyclohexadiene-1-carboxylate synthase
JEPDNJAG_03131	CDS	864				hypothetical protein
JEPDNJAG_03132	CDS	213				hypothetical protein
JEPDNJAG_03133	CDS	339	menC	4.2.1.113		o-succinylbenzoate synthase
JEPDNJAG_03134	CDS	1248				hypothetical protein
JEPDNJAG_03135	CDS	1632		3.1.6.-	COG3119	Ulvan-active sulfatase
JEPDNJAG_03136	CDS	648	betC_1	3.1.6.6	COG3119	Choline-sulfatase
JEPDNJAG_03137	CDS	543				hypothetical protein
JEPDNJAG_03138	CDS	714		1.-.-.-		putative oxidoreductase
JEPDNJAG_03139	CDS	618				hypothetical protein
JEPDNJAG_03140	CDS	1512				hypothetical protein
JEPDNJAG_03141	CDS	645	pyrE	2.4.2.10	COG0461	Orotate phosphoribosyltransferase
JEPDNJAG_03142	CDS	1308				hypothetical protein
JEPDNJAG_03143	CDS	990				hypothetical protein
JEPDNJAG_03144	CDS	375				hypothetical protein
JEPDNJAG_03145	CDS	138				hypothetical protein
JEPDNJAG_03146	CDS	1362				hypothetical protein
JEPDNJAG_03147	CDS	363		3.1.6.-	COG3119	N-acetylglucosamine-6-O-sulfatase
JEPDNJAG_03148	CDS	1344				hypothetical protein
JEPDNJAG_03149	CDS	1401				hypothetical protein
JEPDNJAG_03150	CDS	159				hypothetical protein
JEPDNJAG_03151	CDS	1632	groEL	5.6.1.7	COG0459	Chaperonin GroEL
JEPDNJAG_03152	CDS	291	groES		COG0234	Co-chaperonin GroES
JEPDNJAG_03153	CDS	237	fabH_2	2.3.1.180		Beta-ketoacyl-[acyl-carrier-protein] synthase III
JEPDNJAG_03154	CDS	1032				hypothetical protein
JEPDNJAG_03155	CDS	918				hypothetical protein
JEPDNJAG_03156	CDS	765		2.1.1.-	COG2226	putative methyltransferase
JEPDNJAG_03157	CDS	804		1.-.-.-		5'-C-glycyluridine monooxygenase-decarboxylase
JEPDNJAG_03158	CDS	771	cutC			PF03932 family protein CutC
JEPDNJAG_03159	CDS	1395				hypothetical protein
JEPDNJAG_03160	CDS	768	lldR		COG2186	Putative L-lactate dehydrogenase operon regulatory protein
JEPDNJAG_03161	CDS	798				hypothetical protein
JEPDNJAG_03162	CDS	279				hypothetical protein
JEPDNJAG_03163	CDS	126				hypothetical protein
JEPDNJAG_03164	CDS	498				hypothetical protein
JEPDNJAG_03165	CDS	414				hypothetical protein
JEPDNJAG_03166	CDS	147				hypothetical protein
JEPDNJAG_03167	CDS	648	degU_3		COG2197	Transcriptional regulatory protein DegU
JEPDNJAG_03168	CDS	1050	rcsC_22	2.7.13.3		Sensor histidine kinase RcsC
JEPDNJAG_03169	CDS	747				hypothetical protein
JEPDNJAG_03170	CDS	684				hypothetical protein
JEPDNJAG_03171	CDS	312				hypothetical protein
JEPDNJAG_03172	CDS	1146	thiE_2	2.5.1.3		Thiamine-phosphate synthase
JEPDNJAG_03173	CDS	1020	thiL	2.7.4.16		Thiamine-monophosphate kinase
JEPDNJAG_03174	CDS	804				hypothetical protein
JEPDNJAG_03175	CDS	1041				hypothetical protein
JEPDNJAG_03176	CDS	372	rpsL		COG0048	Small ribosomal subunit protein uS12
JEPDNJAG_03177	CDS	426				hypothetical protein
JEPDNJAG_03178	CDS	2355				hypothetical protein
JEPDNJAG_03179	CDS	108				hypothetical protein
JEPDNJAG_03180	CDS	300	secE			Protein translocase subunit SecE
JEPDNJAG_03181	CDS	528	nusG		COG0250	Transcription termination/antitermination protein NusG
JEPDNJAG_03182	CDS	426	rplK			Large ribosomal subunit protein uL11
JEPDNJAG_03183	CDS	717	rplA			Large ribosomal subunit protein uL1
JEPDNJAG_03184	CDS	564	rplJ			Large ribosomal subunit protein uL10
JEPDNJAG_03185	CDS	387	macB	7.6.2.-		Macrolide export ATP-binding/permease protein MacB
JEPDNJAG_03186	CDS	687	ddpX_2	3.4.13.22		D-alanyl-D-alanine dipeptidase
JEPDNJAG_03187	CDS	381				hypothetical protein
JEPDNJAG_03188	CDS	591	cnrA_2			Nickel and cobalt resistance protein CnrA
JEPDNJAG_03189	CDS	402				hypothetical protein
JEPDNJAG_03190	CDS	381				hypothetical protein
JEPDNJAG_03191	CDS	582				hypothetical protein
JEPDNJAG_03192	CDS	723				hypothetical protein
JEPDNJAG_03193	CDS	534				hypothetical protein
JEPDNJAG_03194	CDS	183				hypothetical protein
JEPDNJAG_03195	CDS	669	vraR			Response regulator protein VraR
JEPDNJAG_03196	CDS	1266				hypothetical protein
JEPDNJAG_03197	CDS	1080				hypothetical protein
JEPDNJAG_03198	CDS	405	sigE_2		COG1595	ECF RNA polymerase sigma factor SigE
JEPDNJAG_03199	CDS	474				hypothetical protein
JEPDNJAG_03200	CDS	1155				hypothetical protein
JEPDNJAG_03201	CDS	243				hypothetical protein
JEPDNJAG_03202	CDS	486				hypothetical protein
JEPDNJAG_03203	CDS	1953				hypothetical protein
JEPDNJAG_03204	CDS	159				hypothetical protein
JEPDNJAG_03205	CDS	351				hypothetical protein
JEPDNJAG_03206	CDS	306				hypothetical protein
JEPDNJAG_03207	CDS	798	trpF	5.3.1.24	COG0135	N-(5'-phosphoribosyl)anthranilate isomerase
JEPDNJAG_03208	CDS	1203	trpB	4.2.1.20	COG0133	Tryptophan synthase beta chain
JEPDNJAG_03209	CDS	534				hypothetical protein
JEPDNJAG_03210	CDS	1101				hypothetical protein
JEPDNJAG_03211	CDS	612				hypothetical protein
JEPDNJAG_03212	CDS	210	gbh	3.5.3.7		Guanidinobutyrase
JEPDNJAG_03213	CDS	291				hypothetical protein
JEPDNJAG_03214	CDS	1794				hypothetical protein
JEPDNJAG_03215	CDS	357				hypothetical protein
JEPDNJAG_03216	CDS	828	sigB		COG1191	RNA polymerase sigma-B factor
JEPDNJAG_03217	CDS	1479	pilB_1		COG2804	Type IV pilus assembly ATPase PilB
JEPDNJAG_03218	CDS	756				hypothetical protein
JEPDNJAG_03219	CDS	621				hypothetical protein
JEPDNJAG_03220	CDS	1053	fdhA	1.17.1.10		NADP(+)-dependent formate dehydrogenase subunit alpha
JEPDNJAG_03221	CDS	603				hypothetical protein
JEPDNJAG_03222	CDS	195				hypothetical protein
JEPDNJAG_03223	CDS	1554				hypothetical protein
JEPDNJAG_03224	CDS	681				hypothetical protein
JEPDNJAG_03225	CDS	1158	der_2		COG1160	GTPase Der
JEPDNJAG_03226	CDS	1305				hypothetical protein
JEPDNJAG_03227	CDS	411	csdE		COG2166	Sulfur acceptor protein CsdE
JEPDNJAG_03228	CDS	534	dnaJ_2			Chaperone protein DnaJ
JEPDNJAG_03229	CDS	639				hypothetical protein
JEPDNJAG_03230	CDS	225				hypothetical protein
JEPDNJAG_03231	CDS	213				hypothetical protein
JEPDNJAG_03232	CDS	264				hypothetical protein
JEPDNJAG_03233	CDS	720	dnaA	3.6.4.-	COG0593	Chromosomal replication initiator protein DnaA
JEPDNJAG_03234	CDS	885				hypothetical protein
JEPDNJAG_03235	CDS	135				hypothetical protein
JEPDNJAG_03236	CDS	402				hypothetical protein
JEPDNJAG_03237	CDS	1026	rbsB_1			D-ribose/D-allose-binding protein
JEPDNJAG_03238	CDS	1014	alsC		COG1172	D-allose transport system permease protein AlsC
JEPDNJAG_03239	CDS	384	ridA	3.5.99.10	COG0251	2-iminobutanoate/2-iminopropanoate deaminase
JEPDNJAG_03240	CDS	1278	dan_5	3.5.1.81	COG3653	D-aminoacylase
JEPDNJAG_03241	CDS	273	dan_6	3.5.1.81	COG3653	D-aminoacylase
JEPDNJAG_03242	CDS	654	lnrL_3	7.6.2.-	COG1131	Linearmycin resistance ATP-binding protein LnrL
JEPDNJAG_03243	CDS	783				hypothetical protein
JEPDNJAG_03244	CDS	705				hypothetical protein
JEPDNJAG_03245	CDS	225				hypothetical protein
JEPDNJAG_03246	CDS	456				hypothetical protein
JEPDNJAG_03247	CDS	1047				hypothetical protein
JEPDNJAG_03248	CDS	576				hypothetical protein
JEPDNJAG_03249	CDS	489				hypothetical protein
JEPDNJAG_03250	CDS	270				hypothetical protein
JEPDNJAG_03251	CDS	678				hypothetical protein
JEPDNJAG_03252	CDS	375				hypothetical protein
JEPDNJAG_03253	CDS	846				hypothetical protein
JEPDNJAG_03254	CDS	195				hypothetical protein
JEPDNJAG_03255	CDS	621				hypothetical protein
JEPDNJAG_03256	CDS	591				hypothetical protein
JEPDNJAG_03257	CDS	843				hypothetical protein
JEPDNJAG_03258	CDS	819	lpxD_2	2.3.1.191		UDP-3-O-acylglucosamine N-acyltransferase
JEPDNJAG_03259	CDS	675				hypothetical protein
JEPDNJAG_03260	CDS	984				hypothetical protein
JEPDNJAG_03261	CDS	570	sigW_3		COG1595	ECF RNA polymerase sigma factor SigW
JEPDNJAG_03262	CDS	1542	hutI	3.5.2.7		Imidazolonepropionase
JEPDNJAG_03263	CDS	432				hypothetical protein
JEPDNJAG_03264	CDS	459				hypothetical protein
JEPDNJAG_03265	CDS	1029	ccpA		COG1609	Catabolite control protein A
JEPDNJAG_03266	CDS	750	yveL	2.7.10.2	COG0489	Putative tyrosine-protein kinase YveL
JEPDNJAG_03267	CDS	429				hypothetical protein
JEPDNJAG_03268	CDS	441				hypothetical protein
JEPDNJAG_03269	CDS	765				hypothetical protein
JEPDNJAG_03270	CDS	954				hypothetical protein
JEPDNJAG_03271	CDS	669				hypothetical protein
JEPDNJAG_03272	CDS	1383		3.1.6.-	COG3119	Ulvan-active sulfatase
JEPDNJAG_03273	CDS	375	waaQ_2	2.4.99.25	COG0859	Lipopolysaccharide heptosyltransferase 3
JEPDNJAG_03274	CDS	279				hypothetical protein
JEPDNJAG_03275	CDS	234				hypothetical protein
JEPDNJAG_03276	CDS	261				hypothetical protein
JEPDNJAG_03277	CDS	153				hypothetical protein
JEPDNJAG_03278	CDS	120				hypothetical protein
JEPDNJAG_03279	CDS	417				hypothetical protein
JEPDNJAG_03280	CDS	318				hypothetical protein
JEPDNJAG_03281	CDS	927	xerC_2		COG4974	Tyrosine recombinase XerC
JEPDNJAG_03282	tRNA	76				tRNA-Ala(tgc)
JEPDNJAG_03283	CDS	381				hypothetical protein
JEPDNJAG_03284	CDS	144				hypothetical protein
JEPDNJAG_03285	CDS	588				hypothetical protein
JEPDNJAG_03286	CDS	150				hypothetical protein
JEPDNJAG_03287	CDS	135				hypothetical protein
JEPDNJAG_03288	CDS	219				hypothetical protein
JEPDNJAG_03289	CDS	279				hypothetical protein
JEPDNJAG_03290	CDS	1191	aspB	2.6.1.66	COG0436	Valine--pyruvate aminotransferase
JEPDNJAG_03291	CDS	402				hypothetical protein
JEPDNJAG_03292	CDS	1257				hypothetical protein
JEPDNJAG_03293	CDS	702				hypothetical protein
JEPDNJAG_03294	CDS	1413				hypothetical protein
JEPDNJAG_03295	CDS	297				hypothetical protein
JEPDNJAG_03296	CDS	432				hypothetical protein
JEPDNJAG_03297	CDS	1086				hypothetical protein
JEPDNJAG_03298	CDS	534				hypothetical protein
JEPDNJAG_03299	CDS	600				hypothetical protein
JEPDNJAG_03300	CDS	1404	accC_2	6.3.4.14		Biotin carboxylase
JEPDNJAG_03301	CDS	510				hypothetical protein
JEPDNJAG_03302	CDS	1767	accD_2	2.1.3.15		Acetyl-coenzyme A carboxylase carboxyl transferase subunit beta, chloroplastic
JEPDNJAG_03303	CDS	717				hypothetical protein
JEPDNJAG_03304	CDS	183				hypothetical protein
JEPDNJAG_03305	CDS	1020	oppC		COG1173	Oligopeptide transport system permease protein OppC
JEPDNJAG_03306	CDS	942	dppB			Di/tripeptide transport system permease protein DppB
JEPDNJAG_03307	CDS	1452	oppA_1			Periplasmic oligopeptide-binding protein OppA
JEPDNJAG_03308	CDS	120				hypothetical protein
JEPDNJAG_03309	CDS	204				hypothetical protein
JEPDNJAG_03310	CDS	294				hypothetical protein
JEPDNJAG_03311	CDS	1065				hypothetical protein
JEPDNJAG_03312	CDS	738				hypothetical protein
JEPDNJAG_03313	CDS	159				hypothetical protein
JEPDNJAG_03314	CDS	228				hypothetical protein
JEPDNJAG_03315	CDS	906				hypothetical protein
JEPDNJAG_03316	CDS	822				hypothetical protein
JEPDNJAG_03317	CDS	201				hypothetical protein
JEPDNJAG_03318	CDS	873	gnl_3	3.1.1.17	COG3386	Gluconolactonase
JEPDNJAG_03319	CDS	1353	dctA		COG1301	C4-dicarboxylate transport protein
JEPDNJAG_03320	CDS	414				hypothetical protein
JEPDNJAG_03321	CDS	876				hypothetical protein
JEPDNJAG_03322	CDS	1128				hypothetical protein
JEPDNJAG_03323	CDS	594				hypothetical protein
JEPDNJAG_03324	CDS	765				hypothetical protein
JEPDNJAG_03325	CDS	357				hypothetical protein
JEPDNJAG_03326	tRNA	74				tRNA-Trp(cca)
JEPDNJAG_03327	tRNA	75				tRNA-Thr(ggt)
JEPDNJAG_03328	tRNA	81				tRNA-Tyr(gta)
JEPDNJAG_03329	tRNA	72				tRNA-Thr(tgt)
JEPDNJAG_03330	CDS	1182	yegT		COG2211	Putative nucleoside transporter YegT
JEPDNJAG_03331	CDS	108				hypothetical protein
JEPDNJAG_03332	CDS	126				hypothetical protein
JEPDNJAG_03333	CDS	594	ribF		COG0196	Bifunctional riboflavin kinase/FMN adenylyltransferase
JEPDNJAG_03334	CDS	360				hypothetical protein
JEPDNJAG_03335	CDS	972		5.1.3.6	COG0451	UDP-glucuronate 4-epimerase
JEPDNJAG_03336	CDS	966	rbn	3.1.-.-	COG1234	Ribonuclease BN
JEPDNJAG_03337	CDS	390				hypothetical protein
JEPDNJAG_03338	CDS	462				hypothetical protein
JEPDNJAG_03339	CDS	1146	recF_2		COG1195	DNA replication and repair protein RecF
JEPDNJAG_03340	CDS	399	cseB		COG0745	Transcriptional regulatory protein CseB
JEPDNJAG_03341	CDS	1251				hypothetical protein
JEPDNJAG_03342	CDS	228				hypothetical protein
JEPDNJAG_03343	CDS	636				hypothetical protein
JEPDNJAG_03344	CDS	876				hypothetical protein
JEPDNJAG_03345	CDS	888	ftsX		COG2177	Cell division protein FtsX
JEPDNJAG_03346	CDS	819				hypothetical protein
JEPDNJAG_03347	CDS	225				hypothetical protein
JEPDNJAG_03348	CDS	198				hypothetical protein
JEPDNJAG_03349	CDS	786				hypothetical protein
JEPDNJAG_03350	CDS	675				hypothetical protein
JEPDNJAG_03351	CDS	294				hypothetical protein
JEPDNJAG_03352	CDS	732		4.2.1.17	COG1024	Putative enoyl-CoA hydratase
JEPDNJAG_03353	CDS	138				hypothetical protein
JEPDNJAG_03354	CDS	1554				hypothetical protein
JEPDNJAG_03355	CDS	1512				hypothetical protein
JEPDNJAG_03356	CDS	114				hypothetical protein
JEPDNJAG_03357	CDS	354				hypothetical protein
JEPDNJAG_03358	CDS	234				hypothetical protein
JEPDNJAG_03359	CDS	1197				hypothetical protein
JEPDNJAG_03360	CDS	1428		3.1.6.-	COG3119	N-acetylgalactosamine-6-O-sulfatase
JEPDNJAG_03361	CDS	351	yjjG	3.1.3.5	COG1011	Pyrimidine 5'-nucleotidase YjjG
JEPDNJAG_03362	CDS	1032				hypothetical protein
JEPDNJAG_03363	CDS	1011	gpsA	1.1.1.94	COG0240	Glycerol-3-phosphate dehydrogenase [NAD(P)+]
JEPDNJAG_03364	CDS	1050	idsB	2.5.1.29	COG0142	Geranylgeranyl diphosphate synthase
JEPDNJAG_03365	CDS	753				hypothetical protein
JEPDNJAG_03366	CDS	300				hypothetical protein
JEPDNJAG_03367	CDS	744	lpxC	3.5.1.108		UDP-3-O-acyl-N-acetylglucosamine deacetylase
JEPDNJAG_03368	CDS	495	fabZ_2	4.2.1.59	COG0764	3-hydroxyacyl-[acyl-carrier-protein] dehydratase FabZ
JEPDNJAG_03369	CDS	456				hypothetical protein
JEPDNJAG_03370	CDS	537				hypothetical protein
JEPDNJAG_03371	CDS	624				hypothetical protein
JEPDNJAG_03372	CDS	576				hypothetical protein
JEPDNJAG_03373	CDS	450				hypothetical protein
JEPDNJAG_03374	CDS	267				hypothetical protein
JEPDNJAG_03375	CDS	930				hypothetical protein
JEPDNJAG_03376	CDS	435				hypothetical protein
JEPDNJAG_03377	CDS	513	ribH_2	2.5.1.78	COG0054	6,7-dimethyl-8-ribityllumazine synthase
JEPDNJAG_03378	CDS	840	ribBA		COG0108	Riboflavin biosynthesis protein RibBA
JEPDNJAG_03379	CDS	636	ilvX	2.2.1.6	COG0028	Putative acetolactate synthase large subunit IlvX
JEPDNJAG_03380	CDS	1209				hypothetical protein
JEPDNJAG_03381	CDS	276				Antitoxin VapB41
JEPDNJAG_03382	CDS	936		5.1.3.6	COG0451	UDP-glucuronate 4-epimerase
JEPDNJAG_03383	CDS	1401	guaD	3.5.4.3	COG0402	Guanine deaminase
JEPDNJAG_03384	CDS	198				hypothetical protein
JEPDNJAG_03385	CDS	930	lnrL_4	7.6.2.-	COG1131	Linearmycin resistance ATP-binding protein LnrL
JEPDNJAG_03386	CDS	1515	pilB_2		COG2804	Type IV pilus assembly ATPase PilB
JEPDNJAG_03387	CDS	864	yerB		COG1470	Putative lipoprotein YerB
JEPDNJAG_03388	CDS	663	yihX	3.1.3.10	COG1011	Alpha-D-glucose 1-phosphate phosphatase YihX
JEPDNJAG_03389	CDS	468				hypothetical protein
JEPDNJAG_03390	CDS	237				hypothetical protein
JEPDNJAG_03391	CDS	387				hypothetical protein
JEPDNJAG_03392	CDS	600				hypothetical protein
JEPDNJAG_03393	CDS	822				hypothetical protein
JEPDNJAG_03394	CDS	222				hypothetical protein
JEPDNJAG_03395	CDS	468				hypothetical protein
JEPDNJAG_03396	CDS	627				hypothetical protein
JEPDNJAG_03397	CDS	1464	ftsH_4	3.4.24.-		ATP-dependent zinc metalloprotease FtsH
JEPDNJAG_03398	CDS	261				hypothetical protein
JEPDNJAG_03399	CDS	552		3.1.6.-	COG3119	Sulfatase
JEPDNJAG_03400	CDS	1053				hypothetical protein
JEPDNJAG_03401	CDS	471				hypothetical protein
JEPDNJAG_03402	CDS	1065				hypothetical protein
JEPDNJAG_03403	CDS	1140				hypothetical protein
JEPDNJAG_03404	CDS	795	argC	1.2.1.38	COG0002	N-acetyl-gamma-glutamyl-phosphate reductase
JEPDNJAG_03405	CDS	2016	shc_2	5.4.99.17	COG1657	Squalene--hopene cyclase
JEPDNJAG_03406	CDS	192				hypothetical protein
JEPDNJAG_03407	CDS	729	argJ		COG1364	Arginine biosynthesis bifunctional protein ArgJ
JEPDNJAG_03408	CDS	921	fieF_2		COG0053	Cation-efflux pump FieF
JEPDNJAG_03409	CDS	108				hypothetical protein
JEPDNJAG_03410	CDS	1719				hypothetical protein
JEPDNJAG_03411	CDS	1014	oxyT	2.1.1.335		N,N-dimethyltransferase OxyT
JEPDNJAG_03412	CDS	1272				hypothetical protein
JEPDNJAG_03413	CDS	975				hypothetical protein
JEPDNJAG_03414	CDS	348				hypothetical protein
JEPDNJAG_03415	CDS	270				hypothetical protein
JEPDNJAG_03416	CDS	180				hypothetical protein
JEPDNJAG_03417	CDS	714				hypothetical protein
JEPDNJAG_03418	CDS	2589				hypothetical protein
JEPDNJAG_03419	CDS	729				hypothetical protein
JEPDNJAG_03420	CDS	1002				hypothetical protein
JEPDNJAG_03421	CDS	1305	iolG_21	1.1.1.369		Inositol 2-dehydrogenase/D-chiro-inositol 3-dehydrogenase
JEPDNJAG_03422	CDS	1302				hypothetical protein
JEPDNJAG_03423	CDS	1008				hypothetical protein
JEPDNJAG_03424	CDS	192				hypothetical protein
JEPDNJAG_03425	CDS	249				hypothetical protein
JEPDNJAG_03426	CDS	207				hypothetical protein
JEPDNJAG_03427	CDS	624				hypothetical protein
JEPDNJAG_03428	CDS	258	curA	1.3.1.-	COG2130	NADPH-dependent curcumin reductase
JEPDNJAG_03429	CDS	276				hypothetical protein
JEPDNJAG_03430	CDS	1398				hypothetical protein
JEPDNJAG_03431	CDS	300				hypothetical protein
JEPDNJAG_03432	CDS	309			COG3391	PE-PGRS family protein PE_PGRS18
JEPDNJAG_03433	CDS	1605	oppA_2		COG4166	Periplasmic oligopeptide-binding protein OppA
JEPDNJAG_03434	CDS	774				hypothetical protein
JEPDNJAG_03435	CDS	384				hypothetical protein
JEPDNJAG_03436	CDS	789				hypothetical protein
JEPDNJAG_03437	CDS	927				hypothetical protein
JEPDNJAG_03438	CDS	489				hypothetical protein
JEPDNJAG_03439	CDS	1560				hypothetical protein
JEPDNJAG_03440	CDS	1653				hypothetical protein
JEPDNJAG_03441	CDS	594				hypothetical protein
JEPDNJAG_03442	CDS	282				hypothetical protein
JEPDNJAG_03443	CDS	732				hypothetical protein
JEPDNJAG_03444	CDS	1134				hypothetical protein
JEPDNJAG_03445	CDS	291				hypothetical protein
JEPDNJAG_03446	CDS	1815	maeA	1.1.1.38		NAD-dependent malic enzyme
JEPDNJAG_03447	CDS	267				hypothetical protein
JEPDNJAG_03448	CDS	1347				hypothetical protein
JEPDNJAG_03449	CDS	168				hypothetical protein
JEPDNJAG_03450	tRNA	80				tRNA-Ser(tga)
JEPDNJAG_03451	CDS	978				hypothetical protein
JEPDNJAG_03452	CDS	597				hypothetical protein
JEPDNJAG_03453	CDS	1506	rsr		COG2304	RNA-binding protein RO60
JEPDNJAG_03454	CDS	384	spo0F	2.7.-.-	COG2204	Sporulation initiation phosphotransferase F
JEPDNJAG_03455	CDS	771				hypothetical protein
JEPDNJAG_03456	CDS	1503				hypothetical protein
JEPDNJAG_03457	CDS	255				hypothetical protein
JEPDNJAG_03458	CDS	174				hypothetical protein
JEPDNJAG_03459	CDS	1275				hypothetical protein
JEPDNJAG_03460	CDS	237				hypothetical protein
JEPDNJAG_03461	CDS	135				hypothetical protein
JEPDNJAG_03462	CDS	429				hypothetical protein
JEPDNJAG_03463	CDS	1641				hypothetical protein
JEPDNJAG_03464	CDS	717				hypothetical protein
JEPDNJAG_03465	CDS	2055				hypothetical protein
JEPDNJAG_03466	CDS	375				hypothetical protein
JEPDNJAG_03467	CDS	1296				hypothetical protein
JEPDNJAG_03468	CDS	774				hypothetical protein
JEPDNJAG_03469	CDS	636	clpP	3.4.21.92		ATP-dependent Clp protease proteolytic subunit
JEPDNJAG_03470	CDS	246				hypothetical protein
JEPDNJAG_03471	CDS	156				hypothetical protein
JEPDNJAG_03472	CDS	525				hypothetical protein
JEPDNJAG_03473	CDS	1197				hypothetical protein
JEPDNJAG_03474	CDS	357				hypothetical protein
JEPDNJAG_03475	CDS	192				hypothetical protein
JEPDNJAG_03476	CDS	351	rplS		COG0335	Large ribosomal subunit protein bL19
JEPDNJAG_03477	CDS	726				hypothetical protein
JEPDNJAG_03478	CDS	1080	rtcA	6.5.1.4	COG0430	RNA 3'-terminal phosphate cyclase
JEPDNJAG_03479	CDS	531				hypothetical protein
JEPDNJAG_03480	CDS	1581				hypothetical protein
JEPDNJAG_03481	CDS	873				hypothetical protein
JEPDNJAG_03482	CDS	264				hypothetical protein
JEPDNJAG_03483	CDS	210				hypothetical protein
JEPDNJAG_03484	CDS	1755	frdA	1.3.5.1	COG1053	Fumarate reductase flavoprotein subunit
JEPDNJAG_03485	CDS	981	mdh_2	1.1.1.37		Malate dehydrogenase
JEPDNJAG_03486	CDS	255				hypothetical protein
JEPDNJAG_03487	CDS	1608	ybiT		COG0488	putative ATP-binding protein YbiT
JEPDNJAG_03488	CDS	567				hypothetical protein
JEPDNJAG_03489	CDS	192				hypothetical protein
JEPDNJAG_03490	CDS	534				hypothetical protein
JEPDNJAG_03491	CDS	210				hypothetical protein
JEPDNJAG_03492	CDS	456				hypothetical protein
JEPDNJAG_03493	CDS	1014				hypothetical protein
JEPDNJAG_03494	CDS	1131				hypothetical protein
JEPDNJAG_03495	CDS	738				hypothetical protein
JEPDNJAG_03496	CDS	585				hypothetical protein
JEPDNJAG_03497	CDS	759				hypothetical protein
JEPDNJAG_03498	CDS	777	ndhB	7.1.1.-	COG1007	NAD(P)H-quinone oxidoreductase subunit 2
JEPDNJAG_03499	CDS	585	rpoE_2		COG1595	ECF RNA polymerase sigma-E factor
JEPDNJAG_03500	CDS	504				hypothetical protein
JEPDNJAG_03501	CDS	1071				hypothetical protein
JEPDNJAG_03502	CDS	507				hypothetical protein
JEPDNJAG_03503	CDS	561				hypothetical protein
JEPDNJAG_03504	CDS	855	cofC	2.7.7.105		2-phospho-L-lactate guanylyltransferase
JEPDNJAG_03505	CDS	429				hypothetical protein
JEPDNJAG_03506	CDS	585				hypothetical protein
JEPDNJAG_03507	CDS	1467				hypothetical protein
JEPDNJAG_03508	CDS	858				hypothetical protein
JEPDNJAG_03509	CDS	345				hypothetical protein
JEPDNJAG_03510	tRNA	69				tRNA-Gly(ccc)
JEPDNJAG_03511	CDS	273				hypothetical protein
JEPDNJAG_03512	CDS	489				hypothetical protein
JEPDNJAG_03513	CDS	501				hypothetical protein
JEPDNJAG_03514	CDS	741				hypothetical protein
JEPDNJAG_03515	CDS	819				hypothetical protein
JEPDNJAG_03516	CDS	294	tkrA	1.1.1.79		Glyoxylate/hydroxypyruvate reductase B
JEPDNJAG_03517	CDS	216				hypothetical protein
JEPDNJAG_03518	CDS	219				hypothetical protein
JEPDNJAG_03519	CDS	288				hypothetical protein
JEPDNJAG_03520	CDS	729	phoD	3.1.3.1	COG3540	Alkaline phosphatase D
JEPDNJAG_03521	CDS	840				hypothetical protein
JEPDNJAG_03522	CDS	1179	ilvI	2.2.1.6	COG0028	Acetolactate synthase isozyme 3 large subunit
JEPDNJAG_03523	CDS	282	clpS			ATP-dependent Clp protease adapter protein ClpS
JEPDNJAG_03524	CDS	243				hypothetical protein
JEPDNJAG_03525	CDS	699	rex1		COG2344	Redox-sensing transcriptional repressor Rex 1
JEPDNJAG_03526	CDS	405				hypothetical protein
JEPDNJAG_03527	CDS	228				hypothetical protein
JEPDNJAG_03528	CDS	879				hypothetical protein
JEPDNJAG_03529	CDS	486				hypothetical protein
JEPDNJAG_03530	CDS	741		2.4.1.54	COG1216	Undecaprenyl-phosphate mannosyltransferase
JEPDNJAG_03531	CDS	927				hypothetical protein
JEPDNJAG_03532	CDS	1023				hypothetical protein
JEPDNJAG_03533	CDS	609	sigE_3			ECF RNA polymerase sigma factor SigE
JEPDNJAG_03534	CDS	1842				hypothetical protein
JEPDNJAG_03535	CDS	1011				hypothetical protein
JEPDNJAG_03536	CDS	858				hypothetical protein
JEPDNJAG_03537	CDS	804				hypothetical protein
JEPDNJAG_03538	CDS	588		3.2.2.-	COG2094	Putative 3-methyladenine DNA glycosylase
JEPDNJAG_03539	CDS	2025				hypothetical protein
JEPDNJAG_03540	CDS	336				hypothetical protein
JEPDNJAG_03541	CDS	225				hypothetical protein
JEPDNJAG_03542	CDS	543	rbsB_2			D-ribose/D-allose-binding protein
JEPDNJAG_03543	CDS	972				hypothetical protein
JEPDNJAG_03544	CDS	1143	dgoD	4.2.1.6	COG4948	D-galactonate dehydratase
JEPDNJAG_03545	CDS	609				hypothetical protein
JEPDNJAG_03546	CDS	129				hypothetical protein
JEPDNJAG_03547	CDS	1194				hypothetical protein
JEPDNJAG_03548	CDS	300				hypothetical protein
JEPDNJAG_03549	CDS	195				hypothetical protein
JEPDNJAG_03550	CDS	714				hypothetical protein
JEPDNJAG_03551	CDS	390	fabG_6	1.1.1.100	COG1028	3-oxoacyl-[acyl-carrier-protein] reductase FabG
JEPDNJAG_03552	CDS	969	gcvT	2.1.2.10	COG0404	Aminomethyltransferase
JEPDNJAG_03553	CDS	150				hypothetical protein
JEPDNJAG_03554	CDS	456				hypothetical protein
JEPDNJAG_03555	CDS	228				hypothetical protein
JEPDNJAG_03556	CDS	1368				hypothetical protein
JEPDNJAG_03557	CDS	99				hypothetical protein
	repeat_region	395				
JEPDNJAG_03558	CDS	351				hypothetical protein
JEPDNJAG_03559	CDS	948	cas1-2	3.1.-.-		CRISPR-associated endonuclease Cas1 2
JEPDNJAG_03560	CDS	411				hypothetical protein
JEPDNJAG_03561	CDS	258				hypothetical protein
JEPDNJAG_03562	CDS	663	cse3	3.1.-.-		CRISPR-associated endoribonuclease Cse3
JEPDNJAG_03563	CDS	771				hypothetical protein
JEPDNJAG_03564	CDS	414				hypothetical protein
JEPDNJAG_03565	CDS	522	resA_5		COG0526	Thiol-disulfide oxidoreductase ResA
JEPDNJAG_03566	CDS	1326				hypothetical protein
JEPDNJAG_03567	CDS	291				hypothetical protein
JEPDNJAG_03568	CDS	201				hypothetical protein
JEPDNJAG_03569	CDS	768	rgtE	2.4.1.-	COG0463	Dodecaprenyl-phosphate galacturonate synthase
JEPDNJAG_03570	CDS	444				hypothetical protein
JEPDNJAG_03571	CDS	321				hypothetical protein
JEPDNJAG_03572	CDS	1014	lgoD	1.1.1.414	COG1063	L-galactonate-5-dehydrogenase
JEPDNJAG_03573	CDS	357				hypothetical protein
JEPDNJAG_03574	CDS	441	rsbW_4	2.7.11.1	COG2172	Serine-protein kinase RsbW
JEPDNJAG_03575	CDS	357				hypothetical protein
JEPDNJAG_03576	CDS	366	resA_6		COG0526	Thiol-disulfide oxidoreductase ResA
JEPDNJAG_03577	CDS	861				hypothetical protein
JEPDNJAG_03578	CDS	648				hypothetical protein
JEPDNJAG_03579	CDS	546				hypothetical protein
JEPDNJAG_03580	CDS	942				hypothetical protein
JEPDNJAG_03581	CDS	480				hypothetical protein
JEPDNJAG_03582	CDS	927			COG2385	putative protein
JEPDNJAG_03583	CDS	786				hypothetical protein
JEPDNJAG_03584	CDS	669				hypothetical protein
JEPDNJAG_03585	CDS	453				hypothetical protein
JEPDNJAG_03586	CDS	1104	rssB_3			Regulator of RpoS
JEPDNJAG_03587	CDS	246	divK_5			Polar-differentiation response regulator DivK
JEPDNJAG_03588	CDS	273				hypothetical protein
JEPDNJAG_03589	CDS	708				hypothetical protein
JEPDNJAG_03590	CDS	303	divK_6			Polar-differentiation response regulator DivK
JEPDNJAG_03591	CDS	1431				hypothetical protein
JEPDNJAG_03592	CDS	147				hypothetical protein
JEPDNJAG_03593	CDS	126				hypothetical protein
JEPDNJAG_03594	CDS	357				hypothetical protein
JEPDNJAG_03595	CDS	831				hypothetical protein
JEPDNJAG_03596	CDS	372				hypothetical protein
JEPDNJAG_03597	CDS	1476				hypothetical protein
JEPDNJAG_03598	CDS	1227				hypothetical protein
JEPDNJAG_03599	CDS	1395	ftsP			Cell division protein FtsP
JEPDNJAG_03600	CDS	1935				hypothetical protein
JEPDNJAG_03601	CDS	1101				hypothetical protein
JEPDNJAG_03602	CDS	435				hypothetical protein
JEPDNJAG_03603	CDS	642				hypothetical protein
JEPDNJAG_03604	CDS	1227	nusA		COG0195	Transcription termination/antitermination protein NusA
JEPDNJAG_03605	CDS	306				hypothetical protein
JEPDNJAG_03606	CDS	1023				hypothetical protein
JEPDNJAG_03607	CDS	615				hypothetical protein
JEPDNJAG_03608	CDS	783				hypothetical protein
JEPDNJAG_03609	CDS	153				hypothetical protein
JEPDNJAG_03610	CDS	1071				hypothetical protein
JEPDNJAG_03611	CDS	1089				hypothetical protein
JEPDNJAG_03612	CDS	795	PER-1	3.5.2.6		Extended-spectrum beta-lactamase PER-1
JEPDNJAG_03613	CDS	483				hypothetical protein
JEPDNJAG_03614	CDS	375	apsD_3	1.1.1.420		D-apiose dehydrogenase
JEPDNJAG_03615	CDS	363				hypothetical protein
JEPDNJAG_03616	CDS	1035				hypothetical protein
JEPDNJAG_03617	CDS	249				hypothetical protein
JEPDNJAG_03618	CDS	495	yciF		COG3685	Protein YciF
JEPDNJAG_03619	CDS	447				hypothetical protein
JEPDNJAG_03620	CDS	210				hypothetical protein
JEPDNJAG_03621	CDS	411				hypothetical protein
JEPDNJAG_03622	CDS	780				hypothetical protein
JEPDNJAG_03623	CDS	840				hypothetical protein
JEPDNJAG_03624	CDS	1062				hypothetical protein
JEPDNJAG_03625	CDS	291				hypothetical protein
JEPDNJAG_03626	CDS	687				hypothetical protein
JEPDNJAG_03627	CDS	576				hypothetical protein
JEPDNJAG_03628	CDS	1533	cheB_6	3.5.1.44		Protein-glutamate methylesterase/protein-glutamine glutaminase
JEPDNJAG_03629	CDS	723				hypothetical protein
JEPDNJAG_03630	CDS	2088	ruvB_2	3.6.4.-		Holliday junction branch migration complex subunit RuvB
JEPDNJAG_03631	CDS	348			COG0718	Nucleoid-associated protein
JEPDNJAG_03632	CDS	597	recR		COG0353	Recombination protein RecR
JEPDNJAG_03633	CDS	564				hypothetical protein
JEPDNJAG_03634	CDS	780				hypothetical protein
JEPDNJAG_03635	CDS	804	prcB	3.4.25.1	COG0638	Proteasome subunit beta
JEPDNJAG_03636	CDS	192	ubact			Prokaryotic ubiquitin-like protein UBact
JEPDNJAG_03637	CDS	750	dop	3.4.-.-	COG4122	Pup deamidase/depupylase
JEPDNJAG_03638	CDS	273				hypothetical protein
JEPDNJAG_03639	CDS	636				hypothetical protein
JEPDNJAG_03640	CDS	984				hypothetical protein
JEPDNJAG_03641	CDS	645				hypothetical protein
JEPDNJAG_03642	CDS	831				hypothetical protein
JEPDNJAG_03643	CDS	312				hypothetical protein
JEPDNJAG_03644	CDS	876				hypothetical protein
JEPDNJAG_03645	CDS	951	cah	3.1.1.41	COG3458	Cephalosporin-C deacetylase
JEPDNJAG_03646	CDS	609		1.8.3.7	COG1262	Formylglycine-generating enzyme
JEPDNJAG_03647	CDS	1707	cocE_2	3.1.1.84		Cocaine esterase
JEPDNJAG_03648	CDS	1269				hypothetical protein
JEPDNJAG_03649	CDS	1599	dppE		COG4166	Dipeptide-binding protein DppE
JEPDNJAG_03650	CDS	408				hypothetical protein
JEPDNJAG_03651	CDS	879	glnE		COG1391	Bifunctional glutamine synthetase adenylyltransferase/adenylyl-removing enzyme
JEPDNJAG_03652	CDS	291				hypothetical protein
JEPDNJAG_03653	CDS	153				hypothetical protein
JEPDNJAG_03654	CDS	147				hypothetical protein
JEPDNJAG_03655	CDS	798				hypothetical protein
JEPDNJAG_03656	CDS	273				hypothetical protein
JEPDNJAG_03657	CDS	798	yutF	3.1.3.5	COG0647	5'-nucleotidase YutF
JEPDNJAG_03658	CDS	210				hypothetical protein
JEPDNJAG_03659	CDS	915				hypothetical protein
JEPDNJAG_03660	CDS	354				hypothetical protein
JEPDNJAG_03661	CDS	648				hypothetical protein
JEPDNJAG_03662	CDS	294				hypothetical protein
JEPDNJAG_03663	CDS	207				hypothetical protein
JEPDNJAG_03664	CDS	189				hypothetical protein
JEPDNJAG_03665	CDS	429				hypothetical protein
JEPDNJAG_03666	CDS	369				hypothetical protein
JEPDNJAG_03667	CDS	1212				hypothetical protein
JEPDNJAG_03668	CDS	795	gsiD		COG1173	Glutathione transport system permease protein GsiD
JEPDNJAG_03669	CDS	135				hypothetical protein
JEPDNJAG_03670	CDS	246				hypothetical protein
JEPDNJAG_03671	CDS	732	ylmD	2.4.2.1		Purine nucleoside phosphorylase YlmD
JEPDNJAG_03672	CDS	1767				hypothetical protein
JEPDNJAG_03673	CDS	1920				hypothetical protein
JEPDNJAG_03674	CDS	210				hypothetical protein
JEPDNJAG_03675	CDS	975				hypothetical protein
JEPDNJAG_03676	CDS	1455	betC_2	3.1.6.6	COG3119	Choline-sulfatase
JEPDNJAG_03677	CDS	216				hypothetical protein
JEPDNJAG_03678	CDS	450				hypothetical protein
JEPDNJAG_03679	CDS	972				hypothetical protein
JEPDNJAG_03680	CDS	393	nqo9	7.1.1.-	COG1143	NADH-quinone oxidoreductase subunit 9
JEPDNJAG_03681	CDS	564	nuoJ	7.1.1.-	COG0839	NADH-quinone oxidoreductase subunit J
JEPDNJAG_03682	CDS	306	nuoK	7.1.1.-	COG0713	NADH-quinone oxidoreductase subunit K
JEPDNJAG_03683	CDS	2109	nuoL	7.1.1.-	COG1009	NADH-quinone oxidoreductase subunit L
JEPDNJAG_03684	CDS	1716	nuoM	7.1.1.-	COG1008	NADH-quinone oxidoreductase subunit M
JEPDNJAG_03685	CDS	420	vapC_6	3.1.-.-		tRNA(fMet)-specific endonuclease VapC
JEPDNJAG_03686	CDS	882				hypothetical protein
JEPDNJAG_03687	CDS	450				hypothetical protein
JEPDNJAG_03688	CDS	894	ftsY	3.6.5.4	COG0552	Signal recognition particle receptor FtsY
JEPDNJAG_03689	CDS	297				hypothetical protein
JEPDNJAG_03690	CDS	225				hypothetical protein
JEPDNJAG_03691	CDS	774				hypothetical protein
JEPDNJAG_03692	CDS	867				hypothetical protein
JEPDNJAG_03693	CDS	270		3.6.1.66	COG0127	dITP/XTP pyrophosphatase
JEPDNJAG_03694	CDS	888				hypothetical protein
JEPDNJAG_03695	CDS	600				hypothetical protein
JEPDNJAG_03696	CDS	594				hypothetical protein
JEPDNJAG_03697	CDS	939	resA_7			Thiol-disulfide oxidoreductase ResA
JEPDNJAG_03698	CDS	762				hypothetical protein
JEPDNJAG_03699	CDS	1047				hypothetical protein
JEPDNJAG_03700	CDS	471				hypothetical protein
JEPDNJAG_03701	CDS	915				hypothetical protein
JEPDNJAG_03702	CDS	288				hypothetical protein
JEPDNJAG_03703	CDS	873			COG2267	putative protein
JEPDNJAG_03704	CDS	405				hypothetical protein
JEPDNJAG_03705	CDS	1110				hypothetical protein
JEPDNJAG_03706	CDS	405	pilG			Protein PilG
JEPDNJAG_03707	CDS	414				hypothetical protein
JEPDNJAG_03708	CDS	1287				hypothetical protein
JEPDNJAG_03709	CDS	669	rbsB_3		COG1879	Ribose import binding protein RbsB
JEPDNJAG_03710	CDS	1395				hypothetical protein
JEPDNJAG_03711	CDS	273				hypothetical protein
JEPDNJAG_03712	CDS	1203				hypothetical protein
JEPDNJAG_03713	CDS	1443				hypothetical protein
JEPDNJAG_03714	CDS	834				hypothetical protein
JEPDNJAG_03715	CDS	165				hypothetical protein
JEPDNJAG_03716	CDS	627	rpsD		COG0522	Small ribosomal subunit protein uS4
JEPDNJAG_03717	CDS	1035	rpoA	2.7.7.6	COG0202	DNA-directed RNA polymerase subunit alpha
JEPDNJAG_03718	CDS	372	rplQ			Large ribosomal subunit protein bL17
JEPDNJAG_03719	CDS	351	truA_1	5.4.99.12	COG0101	tRNA pseudouridine synthase A
JEPDNJAG_03720	CDS	372	truA_2	5.4.99.12	COG0101	tRNA pseudouridine synthase A
JEPDNJAG_03721	CDS	432	rplM			Large ribosomal subunit protein uL13
JEPDNJAG_03722	CDS	402	rpsI		COG0103	Small ribosomal subunit protein uS9
JEPDNJAG_03723	CDS	861				hypothetical protein
JEPDNJAG_03724	CDS	114				hypothetical protein
JEPDNJAG_03725	CDS	264				hypothetical protein
JEPDNJAG_03726	CDS	963	acoA_2	1.1.1.-	COG1071	Acetoin:2,6-dichlorophenolindophenol oxidoreductase subunit alpha
JEPDNJAG_03727	CDS	441				hypothetical protein
JEPDNJAG_03728	CDS	1074	mutL		COG0323	DNA mismatch repair protein MutL
JEPDNJAG_03729	CDS	765				hypothetical protein
JEPDNJAG_03730	CDS	1461	steT_2		COG0531	Serine/threonine exchanger SteT
JEPDNJAG_03731	CDS	135				hypothetical protein
JEPDNJAG_03732	CDS	207				hypothetical protein
JEPDNJAG_03733	CDS	114				hypothetical protein
JEPDNJAG_03734	CDS	1767	argS	6.1.1.19		Arginine--tRNA ligase
JEPDNJAG_03735	CDS	603	rfaH			Transcription antitermination protein RfaH
JEPDNJAG_03736	CDS	240				hypothetical protein
JEPDNJAG_03737	CDS	741				hypothetical protein
JEPDNJAG_03738	CDS	429				hypothetical protein
JEPDNJAG_03739	CDS	156				hypothetical protein
JEPDNJAG_03740	CDS	792		4.1.2.-	COG3836	Hydroxypyruvate/pyruvate aldolase
JEPDNJAG_03741	CDS	900				hypothetical protein
JEPDNJAG_03742	tRNA	86				tRNA-Ala(cgc)
JEPDNJAG_03743	CDS	429				hypothetical protein
JEPDNJAG_03744	CDS	990	iolG_22	1.1.1.369		Inositol 2-dehydrogenase/D-chiro-inositol 3-dehydrogenase
JEPDNJAG_03745	CDS	393				hypothetical protein
JEPDNJAG_03746	CDS	1224				hypothetical protein
JEPDNJAG_03747	CDS	546				hypothetical protein
JEPDNJAG_03748	CDS	1101		1.1.99.36		NDMA-dependent alcohol dehydrogenase
JEPDNJAG_03749	CDS	807				hypothetical protein
JEPDNJAG_03750	CDS	168				hypothetical protein
JEPDNJAG_03751	tRNA	73				tRNA-Gly(ccc)
JEPDNJAG_03752	CDS	1545	zwf	1.1.1.49	COG0364	Glucose-6-phosphate 1-dehydrogenase
JEPDNJAG_03753	CDS	996				hypothetical protein
JEPDNJAG_03754	CDS	405	srlD	1.1.1.140	COG1028	Sorbitol-6-phosphate 2-dehydrogenase
JEPDNJAG_03755	CDS	1230				hypothetical protein
JEPDNJAG_03756	CDS	132				hypothetical protein
JEPDNJAG_03757	CDS	513				hypothetical protein
JEPDNJAG_03758	CDS	174				hypothetical protein
JEPDNJAG_03759	CDS	1566				hypothetical protein
JEPDNJAG_03760	CDS	228				hypothetical protein
JEPDNJAG_03761	CDS	213				hypothetical protein
JEPDNJAG_03762	CDS	1425				hypothetical protein
JEPDNJAG_03763	CDS	1383				hypothetical protein
JEPDNJAG_03764	CDS	321				hypothetical protein
JEPDNJAG_03765	CDS	498				hypothetical protein
JEPDNJAG_03766	CDS	765	rcsC_23	2.7.13.3		Sensor histidine kinase RcsC
JEPDNJAG_03767	CDS	168	lepB	3.4.21.89	COG0681	Signal peptidase I
JEPDNJAG_03768	CDS	735	rnhB	3.1.26.4	COG0164	Ribonuclease HII
JEPDNJAG_03769	CDS	585				hypothetical protein
JEPDNJAG_03770	CDS	360				hypothetical protein
JEPDNJAG_03771	CDS	942				hypothetical protein
JEPDNJAG_03772	CDS	585				hypothetical protein
JEPDNJAG_03773	CDS	420				hypothetical protein
JEPDNJAG_03774	CDS	1191				hypothetical protein
JEPDNJAG_03775	CDS	261				hypothetical protein
JEPDNJAG_03776	CDS	270				hypothetical protein
JEPDNJAG_03777	tRNA	76				tRNA-Arg(cct)
JEPDNJAG_03778	CDS	285		1.4.5.-	COG1231	L-amino acid dehydrogenase
JEPDNJAG_03779	CDS	1272	pgl_1	3.1.1.31	COG2706	6-phosphogluconolactonase
JEPDNJAG_03780	CDS	1026				hypothetical protein
JEPDNJAG_03781	CDS	237				hypothetical protein
JEPDNJAG_03782	CDS	768	mtnN	3.2.2.9		5'-methylthioadenosine/S-adenosylhomocysteine nucleosidase
JEPDNJAG_03783	CDS	882	ispH_2	1.17.7.4	COG0761	4-hydroxy-3-methylbut-2-enyl diphosphate reductase
JEPDNJAG_03784	CDS	333				hypothetical protein
JEPDNJAG_03785	CDS	270	mro	5.1.3.3		Aldose 1-epimerase
JEPDNJAG_03786	CDS	918				hypothetical protein
JEPDNJAG_03787	CDS	1125	odh	1.5.1.28		Opine dehydrogenase
JEPDNJAG_03788	CDS	210				hypothetical protein
JEPDNJAG_03789	CDS	246				hypothetical protein
JEPDNJAG_03790	CDS	870				hypothetical protein
JEPDNJAG_03791	CDS	906				hypothetical protein
JEPDNJAG_03792	CDS	747				hypothetical protein
JEPDNJAG_03793	CDS	240				hypothetical protein
JEPDNJAG_03794	CDS	945				hypothetical protein
JEPDNJAG_03795	CDS	726				hypothetical protein
JEPDNJAG_03796	CDS	453				hypothetical protein
JEPDNJAG_03797	CDS	528				hypothetical protein
JEPDNJAG_03798	CDS	438	rutC	3.5.-.-		3-aminoacrylate deaminase RutC
JEPDNJAG_03799	CDS	408				hypothetical protein
JEPDNJAG_03800	CDS	291				hypothetical protein
JEPDNJAG_03801	CDS	261				hypothetical protein
JEPDNJAG_03802	CDS	489				hypothetical protein
JEPDNJAG_03803	CDS	465				hypothetical protein
JEPDNJAG_03804	CDS	543				hypothetical protein
JEPDNJAG_03805	CDS	483				hypothetical protein
JEPDNJAG_03806	CDS	231				hypothetical protein
JEPDNJAG_03807	CDS	594				hypothetical protein
JEPDNJAG_03808	CDS	498				hypothetical protein
JEPDNJAG_03809	CDS	267				hypothetical protein
JEPDNJAG_03810	CDS	456				hypothetical protein
JEPDNJAG_03811	CDS	1815	mfd	3.6.4.-		Transcription-repair-coupling factor
JEPDNJAG_03812	CDS	306				hypothetical protein
JEPDNJAG_03813	CDS	810	proC	1.5.1.2	COG0345	Pyrroline-5-carboxylate reductase
JEPDNJAG_03814	CDS	474	sepF			Cell division protein SepF
JEPDNJAG_03815	CDS	687	yggS		COG0325	Pyridoxal phosphate homeostasis protein
JEPDNJAG_03816	CDS	1275	gdhA_2	1.4.1.3	COG0334	Glutamate dehydrogenase
JEPDNJAG_03817	CDS	750	pgl_2	3.1.1.31	COG0363	6-phosphogluconolactonase
JEPDNJAG_03818	CDS	453				hypothetical protein
JEPDNJAG_03819	CDS	141				hypothetical protein
JEPDNJAG_03820	CDS	366	thpR	3.1.4.58		RNA 2',3'-cyclic phosphodiesterase
JEPDNJAG_03821	CDS	1056	recA		COG0468	Protein RecA
JEPDNJAG_03822	CDS	672	recX			Regulatory protein RecX
JEPDNJAG_03823	CDS	771	ymdB_2	3.1.4.16	COG1692	2',3'-cyclic-nucleotide 2'-phosphodiesterase
JEPDNJAG_03824	CDS	1023				hypothetical protein
JEPDNJAG_03825	CDS	423	vanH	1.1.1.272		D-specific alpha-keto acid dehydrogenase
JEPDNJAG_03826	CDS	495	bcp	1.11.1.24	COG1225	Peroxiredoxin Bcp
JEPDNJAG_03827	CDS	513	eis	2.3.1.-		N-acetyltransferase Eis
JEPDNJAG_03828	CDS	441				Putative universal stress protein
JEPDNJAG_03829	CDS	93				hypothetical protein
JEPDNJAG_03830	CDS	291				hypothetical protein
JEPDNJAG_03831	CDS	249				hypothetical protein
JEPDNJAG_03832	CDS	348				hypothetical protein
JEPDNJAG_03833	CDS	246				hypothetical protein
JEPDNJAG_03834	CDS	174				hypothetical protein
